wavelength_nm,tissue_id,tissue,depth_min_mm,depth_max_mm,depth_bin,voxel_count,volume_cm3,absorbed_fraction_per_joule_launched,absorbed_percent_of_launched,absorbed_j_per_100j_launched,mean_mj_cm3_per_100j_launched,median_mj_cm3_per_100j_launched,p95_mj_cm3_per_100j_launched,p99_mj_cm3_per_100j_launched
810,-1,brain_total,0.0,,all depths,1641895,1641.895,0.011335479848009089,1.133547984800909,1.133547984800909,0.6903900583173156,0.004617030863936288,4.571001016850706,8.190311424885921
810,-1,brain_total,0.0,10.0,<10 mm,91056,91.056,0.00011598313135090935,0.011598313135090934,0.011598313135090934,0.12737560550750016,5.035414620025602e-05,0.5448777542472473,3.1196581973541693
810,-1,brain_total,10.0,20.0,10-20 mm,311474,311.474,0.005066684023231814,0.5066684023231814,0.5066684023231814,1.626679601903149,0.002356247894755801,7.654653403753591,10.851870362499179
810,-1,brain_total,20.0,30.0,20-30 mm,525430,525.43,0.00575587132215517,0.5755871322155169,0.5755871322155169,1.0954592090583273,0.3034211310425715,4.6437600750864245,7.773837274795768
810,-1,brain_total,30.0,40.0,30-40 mm,370557,370.557,0.0003772494265829847,0.03772494265829847,0.03772494265829847,0.10180604511127431,0.014876130459886032,0.4976885053819104,1.0651713046827194
810,-1,brain_total,40.0,50.0,40-50 mm,222572,222.572,1.829657344217611e-05,0.0018296573442176112,0.0018296573442176112,0.008220518952148568,0.00020771728672525829,0.04471302226511637,0.1277220417074779
810,-1,brain_total,50.0,,>=50 mm,120806,120.806,1.395371246034372e-06,0.0001395371246034372,0.0001395371246034372,0.0011550512772828933,1.4842295185231255e-05,0.006715854238470635,0.020072192861800803
810,2,gray_matter,0.0,,all depths,1001274,1001.274,0.008269750669895095,0.8269750669895095,0.8269750669895095,0.8259228412897064,0.00897726915939859,5.103694479653142,8.047492290620688
810,2,gray_matter,0.0,10.0,<10 mm,84038,84.038,0.00010193029578469651,0.01019302957846965,0.01019302957846965,0.1212907206081731,3.885954270580554e-05,0.4804900992386413,3.088051977748621
810,2,gray_matter,10.0,20.0,10-20 mm,254902,254.902,0.004445291207756731,0.4445291207756731,0.4445291207756731,1.7439216670550766,0.00335188284886488,7.6161094272290795,10.156533539060243
810,2,gray_matter,20.0,30.0,20-30 mm,344253,344.253,0.0035154682775938354,0.35154682775938356,0.35154682775938356,1.0211874050752892,0.33190617035015874,4.240163143368722,5.841531043244401
810,2,gray_matter,30.0,40.0,30-40 mm,183157,183.157,0.00019521696160165167,0.019521696160165167,0.019521696160165167,0.10658449395963662,0.020348751606688788,0.5080910544292998,0.9587667806519033
810,2,gray_matter,40.0,50.0,40-50 mm,87577,87.577,1.0682930642296445e-05,0.0010682930642296445,0.0010682930642296445,0.012198329061621709,0.0008707321595702516,0.06783554249229516,0.14321954560168024
810,2,gray_matter,50.0,,>=50 mm,47347,47.347,1.1609965158849116e-06,0.00011609965158849116,0.00011609965158849116,0.0024521015394532103,0.0002484814591509468,0.01325124287183879,0.026723285021674804
810,3,white_matter,0.0,,all depths,640621,640.621,0.003065729178113993,0.3065729178113993,0.3065729178113993,0.47855583537130264,0.0019057287714197946,2.888001054341814,8.623947880555487
810,3,white_matter,0.0,10.0,<10 mm,7018,7.018,1.4052835566212814e-05,0.0014052835566212814,0.0014052835566212814,0.20023989122560293,0.002472160689923997,1.046299409978946,3.656369589119367
810,3,white_matter,10.0,20.0,10-20 mm,56572,56.572,0.000621392815475083,0.0621392815475083,0.0621392815475083,1.0984105484605158,0.000837022017693056,8.104797681318768,14.499947038856135
810,3,white_matter,20.0,30.0,20-30 mm,181177,181.177,0.002240403044561335,0.2240403044561335,0.2240403044561335,1.2365824826337422,0.2568987197888018,6.027934595513967,10.699651027358046
810,3,white_matter,30.0,40.0,30-40 mm,187400,187.4,0.00018203246498133303,0.0182032464981333,0.0182032464981333,0.09713578707648507,0.011184341103924172,0.48342900518955856,1.2032959058258714
810,3,white_matter,40.0,50.0,40-50 mm,134995,134.995,7.6136427998796685e-06,0.0007613642799879669,0.0007613642799879669,0.005639944294143982,0.00011257563241402032,0.023956739386107605,0.10284553165275113
810,3,white_matter,50.0,,>=50 mm,73459,73.459,2.3437473014946058e-07,2.343747301494606e-05,2.343747301494606e-05,0.00031905516022469755,1.8285759265866058e-06,0.0012056376559601671,0.0067798592069548275
1070,-1,brain_total,0.0,,all depths,1641895,1641.895,0.012142482484795651,1.2142482484795651,1.2142482484795651,0.7395407431532254,3.1943485428478774e-05,4.770700811784444,15.822024547756609
1070,-1,brain_total,0.0,10.0,<10 mm,91056,91.056,0.00010200622132079868,0.010200622132079867,0.010200622132079867,0.11202580974433171,2.9163286992124124e-07,0.17839209586417556,2.9958880329558397
1070,-1,brain_total,10.0,20.0,10-20 mm,311474,311.474,0.00832245172905261,0.832245172905261,0.832245172905261,2.671957122922815,4.398451529723299e-05,15.933273965693457,23.474869384827908
1070,-1,brain_total,20.0,30.0,20-30 mm,525430,525.43,0.003640833917008641,0.36408339170086407,0.36408339170086407,0.692924636394694,0.019605592300115722,4.096402818155332,9.776915741259902
1070,-1,brain_total,30.0,40.0,30-40 mm,370557,370.557,7.600196458956219e-05,0.0076001964589562186,0.0076001964589562186,0.02051019535174405,8.940600988722296e-05,0.07689015016637278,0.442499205683204
1070,-1,brain_total,40.0,50.0,40-50 mm,222572,222.572,1.159351142251259e-06,0.0001159351142251259,0.0001159351142251259,0.0005208881360868658,1.339643763049881e-07,0.001250044660810195,0.011211916272325569
1070,-1,brain_total,50.0,,>=50 mm,120806,120.806,2.9301681788975033e-08,2.9301681788975033e-06,2.9301681788975033e-06,2.4255154370623178e-05,6.301794924863517e-10,4.1840451298462955e-05,0.0005867797071748558
1070,2,gray_matter,0.0,,all depths,1001274,1001.274,0.011775797514082888,1.1775797514082889,1.1775797514082889,1.1760814236745274,0.00016360218977990194,8.355615035630018,18.472729488880436
1070,2,gray_matter,0.0,10.0,<10 mm,84038,84.038,0.00010122254099757615,0.010122254099757616,0.010122254099757616,0.12044853637351692,2.1451816516264423e-07,0.21209137876583575,3.2209073649005733
1070,2,gray_matter,10.0,20.0,10-20 mm,254902,254.902,0.008204679774778477,0.8204679774778477,0.8204679774778477,3.2187584933733264,0.00013615224688797066,17.060196988656518,24.235043630079822
1070,2,gray_matter,20.0,30.0,20-30 mm,344253,344.253,0.00340229383848868,0.34022938384886803,0.34022938384886803,0.9883120375098199,0.04578332631442853,5.5378959193021595,11.168225604702233
1070,2,gray_matter,30.0,40.0,30-40 mm,183157,183.157,6.662450208627827e-05,0.006662450208627826,0.006662450208627826,0.03637562423837378,0.00022795700257727117,0.16428911232500537,0.7406931089556168
1070,2,gray_matter,40.0,50.0,40-50 mm,87577,87.577,9.477783613291554e-07,9.477783613291554e-05,9.477783613291554e-05,0.0010822229139262082,4.867906987641812e-07,0.0043908817673264594,0.019418078734495185
1070,2,gray_matter,50.0,,>=50 mm,47347,47.347,2.90793705470589e-08,2.90793705470589e-06,2.90793705470589e-06,6.141755664996493e-05,1.2383541685951257e-07,0.0002573312418439741,0.001447602420888275
1070,3,white_matter,0.0,,all depths,640621,640.621,0.0003666849707127636,0.036668497071276354,0.036668497071276354,0.05723898696932564,3.5521643259726366e-06,0.27328132352403967,1.2627641904356304
1070,3,white_matter,0.0,10.0,<10 mm,7018,7.018,7.836803232225373e-07,7.836803232225373e-05,7.836803232225373e-05,0.011166718769201158,6.70342438219936e-06,0.03817927229282758,0.2565547489040151
1070,3,white_matter,10.0,20.0,10-20 mm,56572,56.572,0.00011777195427413261,0.011777195427413262,0.011777195427413262,0.20818064461948066,9.043019149362117e-07,1.3644750165032216,3.5493206594241857
1070,3,white_matter,20.0,30.0,20-30 mm,181177,181.177,0.00023854007851996047,0.023854007851996047,0.023854007851996047,0.1316613469259125,0.006072771234028954,0.7037432583580754,1.6858620548934355
1070,3,white_matter,30.0,40.0,30-40 mm,187400,187.4,9.37746250328393e-06,0.000937746250328393,0.000937746250328393,0.005003982125551724,4.628084431315044e-05,0.020973914629189575,0.10136996496592636
1070,3,white_matter,40.0,50.0,40-50 mm,134995,134.995,2.115727809221037e-07,2.115727809221037e-05,2.115727809221037e-05,0.00015672638314167468,7.943567424889361e-08,0.0002572501948874892,0.0024340583463170165
1070,3,white_matter,50.0,,>=50 mm,73459,73.459,2.22311241916133e-10,2.22311241916133e-08,2.22311241916133e-08,3.02633090453359e-07,6.446624565635458e-11,3.6185142687703307e-07,5.700559624230606e-06
