tissue_id,tissue,depth_bin,voxel_count,volume_cm3,absorbed_j_per_100j_810,absorbed_j_per_100j_1070,ratio_qualified,ratio_status,ratio_810_to_1070,mean_mj_cm3_per_100j_810,mean_mj_cm3_per_100j_1070,p95_mj_cm3_per_100j_810,p95_mj_cm3_per_100j_1070
-1,brain_total,all depths,1641895,1641.895,1.133547984800909,1.2142482484795651,True,conditional_MC_screen_pass,0.9335389087201024,0.6903900583173156,0.7395407431532254,4.571001016850706,4.770700811784444
-1,brain_total,<10 mm,91056,91.056,0.011598313135090934,0.010200622132079867,True,conditional_MC_screen_pass,1.1370201723888465,0.12737560550750016,0.11202580974433171,0.5448777542472473,0.17839209586417556
-1,brain_total,10-20 mm,311474,311.474,0.5066684023231814,0.832245172905261,True,conditional_MC_screen_pass,0.6087970454120715,1.626679601903149,2.671957122922815,7.654653403753591,15.933273965693457
-1,brain_total,20-30 mm,525430,525.43,0.5755871322155169,0.36408339170086407,True,conditional_MC_screen_pass,1.5809211442647382,1.0954592090583273,0.692924636394694,4.6437600750864245,4.096402818155332
-1,brain_total,30-40 mm,370557,370.557,0.03772494265829847,0.0076001964589562186,True,conditional_MC_screen_pass,4.963679934068371,0.10180604511127431,0.02051019535174405,0.4976885053819104,0.07689015016637278
-1,brain_total,40-50 mm,222572,222.572,0.0018296573442176112,0.0001159351142251259,True,conditional_MC_screen_pass,15.781735813575287,0.008220518952148568,0.0005208881360868658,0.04471302226511637,0.001250044660810195
-1,brain_total,>=50 mm,120806,120.806,0.0001395371246034372,2.9301681788975033e-06,False,suppressed_failed_MC_or_signal_gate,,0.0011550512772828933,2.4255154370623178e-05,0.006715854238470635,4.1840451298462955e-05
2,gray_matter,all depths,1001274,1001.274,0.8269750669895095,1.1775797514082889,True,conditional_MC_screen_pass,0.7022667178172137,0.8259228412897064,1.1760814236745274,5.103694479653142,8.355615035630018
2,gray_matter,<10 mm,84038,84.038,0.01019302957846965,0.010122254099757616,True,conditional_MC_screen_pass,1.0069920669857249,0.1212907206081731,0.12044853637351692,0.4804900992386413,0.21209137876583575
2,gray_matter,10-20 mm,254902,254.902,0.4445291207756731,0.8204679774778477,True,conditional_MC_screen_pass,0.5417994766135467,1.7439216670550766,3.2187584933733264,7.6161094272290795,17.060196988656518
2,gray_matter,20-30 mm,344253,344.253,0.35154682775938356,0.34022938384886803,True,conditional_MC_screen_pass,1.0332641577940336,1.0211874050752892,0.9883120375098199,4.240163143368722,5.5378959193021595
2,gray_matter,30-40 mm,183157,183.157,0.019521696160165167,0.006662450208627826,True,conditional_MC_screen_pass,2.9301076254025444,0.10658449395963662,0.03637562423837378,0.5080910544292998,0.16428911232500537
2,gray_matter,40-50 mm,87577,87.577,0.0010682930642296445,9.477783613291554e-05,True,conditional_MC_screen_pass,11.271549423553841,0.012198329061621709,0.0010822229139262082,0.06783554249229516,0.0043908817673264594
2,gray_matter,>=50 mm,47347,47.347,0.00011609965158849116,2.90793705470589e-06,False,suppressed_failed_MC_or_signal_gate,,0.0024521015394532103,6.141755664996493e-05,0.01325124287183879,0.0002573312418439741
3,white_matter,all depths,640621,640.621,0.3065729178113993,0.036668497071276354,True,conditional_MC_screen_pass,8.360662211365842,0.47855583537130264,0.05723898696932564,2.888001054341814,0.27328132352403967
3,white_matter,<10 mm,7018,7.018,0.0014052835566212814,7.836803232225373e-05,True,conditional_MC_screen_pass,17.931846889337184,0.20023989122560293,0.011166718769201158,1.046299409978946,0.03817927229282758
3,white_matter,10-20 mm,56572,56.572,0.0621392815475083,0.011777195427413262,True,conditional_MC_screen_pass,5.276237617902597,1.0984105484605158,0.20818064461948066,8.104797681318768,1.3644750165032216
3,white_matter,20-30 mm,181177,181.177,0.2240403044561335,0.023854007851996047,True,conditional_MC_screen_pass,9.392145162616199,1.2365824826337422,0.1316613469259125,6.027934595513967,0.7037432583580754
3,white_matter,30-40 mm,187400,187.4,0.0182032464981333,0.000937746250328393,True,conditional_MC_screen_pass,19.411697452011815,0.09713578707648507,0.005003982125551724,0.48342900518955856,0.020973914629189575
3,white_matter,40-50 mm,134995,134.995,0.0007613642799879669,2.115727809221037e-05,True,conditional_MC_screen_pass,35.98592771100759,0.005639944294143982,0.00015672638314167468,0.023956739386107605,0.0002572501948874892
3,white_matter,>=50 mm,73459,73.459,2.343747301494606e-05,2.22311241916133e-08,False,suppressed_failed_MC_or_signal_gate,,0.00031905516022469755,3.02633090453359e-07,0.0012056376559601671,3.6185142687703307e-07
