record_id,paper,figure,quantity,state,hct_percent,wavelength_nm,x_axis_min,x_axis_max,x_pixel_min,x_pixel_max,selected_x_pixel,y_axis_min,y_axis_max,y_axis_scale,y_pixel_min,y_pixel_max,selected_y_pixel,target_value_1070,target_unit,notes
friebel_2006_blood_mua_oxy_hct42,Friebel et al. 2006,Fig. 6a,mua,oxygenated greater than 99 percent,42.1,1070,250,450,432,610,1162,0.1,1000,log10,843,278,754,0.4266664512,mm^-1,Black iMCS curve; selected x reconstructs 1070.2 nm; direct graph digitization.
friebel_2006_blood_g_oxy_hct42,Friebel et al. 2006,Fig. 6c,g,oxygenated greater than 99 percent,42.1,1070,250,450,404,588,1158,0.65,1.0,linear,1582,1032,1078,0.9707272727,dimensionless,Black iMCS curve; selected x reconstructs 1069.6 nm; direct graph digitization.
friebel_2006_blood_musp_oxy_hct42,Friebel et al. 2006,Fig. 6d,musp,oxygenated greater than 99 percent,42.1,1070,250,450,1414,1603,2189,0,18,linear,1577,1012,1512.5,2.0548672566,mm^-1,Black iMCS curve; selected x reconstructs 1070.1 nm; direct graph digitization. The mus trace in Fig. 6b stops near 1050 nm and was not promoted to a direct 1070 value.
friebel_2009_blood_mua_oxy_hct33,Friebel et al. 2009,Fig. 1,mua,oxygenated 100 percent,33.2,1070,250,2000,384,1216,774,0.01,1000,log10,786,316,658,0.2299863854,mm^-1,Red curve; direct graph digitization.
friebel_2009_blood_mua_deoxy_hct33,Friebel et al. 2009,Fig. 1,mua,deoxygenated 0 percent,33.2,1070,250,2000,384,1216,774,0.01,1000,log10,786,316,678,0.1409081686,mm^-1,Blue curve; direct graph digitization.
friebel_2009_blood_mus_oxy_hct33,Friebel et al. 2009,Fig. 2,mus,oxygenated 100 percent,33.2,1070,250,2000,1461,2315,1861,30,90,linear,798,315,531,63.1677018634,mm^-1,Red curve; direct graph digitization. Curves are not significantly different above 750 to 800 nm according to the paper.
friebel_2009_blood_mus_deoxy_hct33,Friebel et al. 2009,Fig. 2,mus,deoxygenated 0 percent,33.2,1070,250,2000,1461,2315,1861,30,90,linear,798,315,540,62.0496894410,mm^-1,Blue curve; direct graph digitization.
friebel_2009_blood_g_oxy_deoxy_hct33,Friebel et al. 2009,Fig. 3,g,oxygenated and deoxygenated curves equal above 600 nm,33.2,1070,250,2000,1471,2313,1866,0.65,1.0,linear,2938,2457,2490,0.9759875260,dimensionless,Red curve overlays the oxygen-state invariant trace at 1070 nm; direct graph digitization.
friebel_2009_blood_musp_oxy_hct33,Friebel et al. 2009,Fig. 4,musp,oxygenated 100 percent,33.2,1070,250,2000,377,1216,770,0,14,linear,784,314,732,1.5489361702,mm^-1,Red curve; direct graph digitization.
friebel_2009_blood_musp_deoxy_hct33,Friebel et al. 2009,Fig. 4,musp,deoxygenated 0 percent,33.2,1070,250,2000,377,1216,770,0,14,linear,784,314,737,1.4,mm^-1,Blue curve; direct graph digitization.
