record_id,title,authors,year,publication_type,peer_reviewed_status,doi_or_stable_url,wavelength_nm,emitter_count,emitter_geometry,anatomy_model,transport_engine,output_quantity,source_superposition,per_source_overlap_or_attribution,exact_or_adjacent_class,inclusion_status,disposition_reason,primary_source_verified,full_text_access,evidence_location_or_paraphrase,uncertainty_notes
NS001,"Simulation and measurement of transcranial near infrared light penetration","Yue; Monge; Ozgur; Murphy; Louie; Miller; Emami; Humayun",2015,"conference proceeding","review status not independently verified","10.1117/12.2077019","850","multiple; exact count not extracted","evenly distributed scalp LED array; 0.4-cm spots and about 2-cm spacing reported in later JBO description","simplified multilayer adult head from IEEE/IEC/CENELEC geometry","COMSOL finite-element diffusion","photon fluence/flux map and tissue transmission","yes, aggregate field","no","partial precedent","include","Predates the JBO article and establishes the whole-scalp LED-array concept, but not Monte Carlo or 1064/1070 nm.",yes,yes,"CaltechAUTHORS record and full proceeding; abstract and methods","Exact source count and complete geometry not verified in this screening pass."
NS002,"Monte Carlo analysis of the enhanced transcranial penetration using distributed near-infrared emitter array","Yue; Humayun",2015,"journal article","peer reviewed","10.1117/1.JBO.20.8.088001","690; 850","13; 53; 105; 181; 229; 277","approximately equal-solid-angle point sources over a hemispherical scalp","Colin27, 1-mm isotropic, five tissues","MCXLAB plus qualitative COMSOL FEA","sum of dropped photon weight called photon flux; normalized maps; depth gain; relative SD","yes, independent source fields summed","no emitter-resolved cortical dominance/neighbor metric","partial precedent","include","Foundational dense whole-scalp Monte Carlo precedent; wrong wavelength and no realistic helmet or explicit attribution.",yes,yes,"Local full PDF, Sections 2-4, Tables 1-3, Figures 2-7","Exact version, Gaussian parameters, seeds, boundaries, code, and numeric data missing."
NS003,"Photon penetration depth in human brain for light stimulation and treatment: a realistic Monte Carlo simulation study","Li; Xue; Wang; Li; Wu",2017,"journal article","peer reviewed","10.1142/S1793545817430027","660; 810; 980","single therapeutic source","Gaussian or flat beam; diameters 0, 2, 4, 6 cm","Visible Chinese Human head","Monte Carlo for voxelized media","brain light dose/penetration and fluence","no","no","adjacent method","exclude direct","Realistic human-head wavelength/source-profile precedent but no 1064/1070 nm or multisource array.",yes,yes,"Primary PDF/metadata and abstract","No direct relevance to emitter-overlap novelty."
NS004,"Selective photobiomodulation for emotion regulation: model-based dosimetry study","Cassano; Tran; Katnani; Bleier; Hamblin; Yuan; Fang",2019,"journal article","peer reviewed","10.1117/1.NPh.6.1.015004","670; 810; 850; 980; 1064","28 per array; 56 when F3 and F4 arrays used simultaneously","4 x 7 Omnilux New-U LED arrays; 11-mm and 8-mm spacing; F3/F4 or frontal midline","Colin27, 0.5-mm isotropic, eight tissues","MCX","normalized energy deposition J/cm3 and fluence J/cm2 by cortical ROI","simultaneous bilateral arrays modeled; emitter-resolved fields not reported","no","closest partial precedent","include","Directly defeats a first-multisource-1064 claim, but it is a frontal treatment window rather than a dense whole-head helmet and lacks emitter attribution.",yes,yes,"Primary full PDF, Section 2.2-2.3 and Figures 1-6","Whether all 28 elements were distinct MCX sources is strongly reported by the 4 x 7 array description; per-element outputs were not retained in the report."
NS005,"Transcranial photobiomodulation with near-infrared light from childhood to elderliness: simulation of dosimetry","Yuan; Cassano; Pias; Fang",2020,"journal article","peer reviewed","10.1117/1.NPh.7.1.015009","670; 810; 850; 980; 1064","28-element commercial array inherited from Cassano 2019 at each of F3, F4, or Fpz","Omnilux New-U arrays at F3, F4, and Fpz; F3/F4 arrays rotated about 90 degrees relative to Cassano 2019","18 age-dependent MRI atlases; WM, GM, CSF, composite ECT plus air; 1-mm isotropic","MCX","normalized average energy deposition J/cm3 and 99th-percentile target fluence","15 simulations per atlas are three source positions by five wavelengths; bilateral F3/F4 treatment analyzed, but a combined 56-element run is not explicitly documented; emitter-resolved fields not reported","no","closest partial precedent","include","Extends 1064-nm frontal array-position dosimetry across age, but not a whole-head helmet or overlap attribution.",yes,yes,"Local primary full PDF, Sections 2.1-2.6 and Figures 1-9; read and visually checked August 13, 2026","Exact LED dimensions are inherited from Cassano 2019. Bilateral source normalization and whether F3/F4 fields were summed after separate runs are not explicitly stated."
NS006,"Monte Carlo simulations of a multisource transcranial photobiomodulation helmet device: application to young and aged brains","Dole; Bleuet; Auboiroux; Billères; Mitrofanis",2024,"journal article","peer reviewed","10.4103/ATN.ATN-D-24-00022","670; 810","41 paired locations; 41 emitters active per wavelength","WellRed Coronet 6 Duo positions digitized and registered to head surface","one 24-year-old and one 75-year-old female MRI; CAT12/MNI/AAL3; six media","modified mcxyz","deposited power density per incident watt; regional energy after power/time scaling","yes, single-source runs concatenated and summed","no","closest partial precedent","include","Closest realistic whole-head helmet model, but not 1064/1070 nm and no emitter-resolved overlap analysis.",yes,yes,"Local full PDF, Methods and Results","Modified code, exact version, full source orientations, residuals, seeds, and two additional tables unavailable."
NS007,"Simulation-based dosimetry of transcranial and intranasal photobiomodulation of the human brain: the roles of wavelength, power density, and skin tone","Van Lankveld; Mai; Lim; Hosseinkhah; Cassano; Chen",2025,"journal article","peer reviewed","10.1364/BOE.567345","670; 810; 1064","single therapeutic source","forehead laser and intranasal laser modeled separately","healthy human Colin27-style head model with skin-tone optical scenarios","MCX","regional energy accumulation and penetration profiles","no","no","adjacent method","exclude direct","Current 1064-nm human-head dosimetry and sensitivity precedent, but explicitly single source.",yes,yes,"Publisher/PMC full text, Abstract and Methods","Useful for later optical-property sensitivity, not source-overlap novelty."
NS008,"Noninvasive prediction of photon fluence rate in targeted brain regions for personalized transcranial photobiomodulation dosage: model development and in silico evaluation","Chang; Lin; Hsieh; Kao; Tseng; Huang; Sung",2025,"journal article","peer reviewed","10.1364/BOE.570066","810; 1064","single 45-mm stimulus beam plus DRS source/detectors","single circular uniform therapeutic beam at prefrontal scalp","154 participant head models","MCX plus deep-learning prediction","normalized ROI fluence rate","no therapeutic multisource sum","no","adjacent method","exclude direct","Strong participant-specific 1064-nm dosimetry precedent, but no therapeutic helmet or emitter overlap.",yes,yes,"Publisher/PMC full text, Methods, Figures 1-9","DRS source/detectors are measurement geometry, not a multisource therapeutic helmet."
NS009,"High-Resolution Computational Modeling of Transcranial Photobiomodulation: Light Propagation and Thermal Effects","Guillen; Truong; Faria; Pryor; de Taboada; Datta",2026,"journal article","peer reviewed","10.1016/j.neurom.2025.06.003","800","single source","F3-targeted source over three irradiances","anatomically realistic 1-mm human head","coupled optical/thermal computational model","irradiance, absorption, and temperature","no","no","adjacent method","exclude direct","High-resolution optical and thermal benchmark but wrong wavelength and single source.",yes,"abstract/metadata; full text not checked","PubMed abstract and publisher metadata","Engine and source details require full-text access if used later."
NS010,"Bridging animal and human: a 3D computational framework of light propagation in head models for transcranial photobiomodulation in Alzheimer's disease","Yang et al.",2026,"journal article","peer reviewed","10.1002/brx2.70048","660; 810; 1064","single source per condition","Gaussian/top-hat beams, 0.2-4.0 cm, fixed scalp targets","mouse MRI and 16-tissue Visible Chinese Human head","MCVM","fluence and photon absorption","no","no; multisource arrays proposed as future work","adjacent method","exclude direct","Detailed 1064-nm anatomy/source optimization but not a multisource helmet.",yes,yes,"Publisher full-text search extract, Methods 2.4-2.7 and Discussion","Full author list not transcribed in this screening ledger."
NS011,"Acute and repeated transcranial 1070-nm LED photobio-modulates working memory capacity on humans","Hu; Binita; Brothers; Liu",2025,"conference proceeding","review status not independently verified","10.1364/BODA.2025.JW4A.2","1070","helmet; count not reported in accessible abstract","40-Hz wearable LED helmet","human participants; no optical head model","none reported","behavioral outcome","not applicable","no","device-only adjacent","exclude direct","Confirms academic use of a 1070-nm helmet but reports no photon-transport simulation.",yes,"abstract and poster metadata","Optica proceedings abstract","Device geometry and optical dosimetry were not available in the accessible abstract."
NS012,"Use of either transcranial or whole-body photobiomodulation treatments improves COVID-19 brain fog","Bowen et al.",2023,"journal article","peer reviewed","10.1002/jbio.202200391","1070","commercial helmet; count not verified","Neuroradiant/Neuradiant 1070 LED helmet","human participants; no optical head model","none","clinical/cognitive outcomes","not applicable","no","device-only adjacent","exclude direct","Confirms clinical 1070-nm helmet use but not an optical simulation precedent.",yes,"methods/metadata accessible","Primary article methods describe 1070-nm helmet exposure","Manufacturer name spelling and exact emitter count require device-document verification."
