figure_panel,marker,pass_1_axis_value,pass_1_pixel_y,pass_2_axis_value,pass_2_pixel_y,series,uncertainty_axis_units,uncertainty_kind,x_quantity,x_value,y_lower,y_quantity,y_upper,y_value
fig2b,regional profile,-5.388888888888889,247.5,-5.402214022140221,248.0,frontal_open_square,0.023199503325184875,log10_half_repeat_plus_one_pixel,penetration_depth_mm,60.0,3.8128440385913468e-06,log10_normalized_photon_flux,4.242755917054999e-06,4.0220599952687575e-06
fig2b,regional profile,-5.9222222222222225,271.5,-5.911439114391144,271.0,north_pole_filled_square,0.02286691964646731,log10_half_repeat_plus_one_pixel,penetration_depth_mm,60.0,1.1489533931207458e-06,log10_normalized_photon_flux,1.2765453598963378e-06,1.2110702385598619e-06
fig2b,regional profile,-6.340000000000001,290.3,-6.354243542435424,291.0,parietal_filled_circle,0.02333552625871662,log10_half_repeat_plus_one_pixel,penetration_depth_mm,60.0,4.261305813212286e-07,log10_normalized_photon_flux,4.7447545948183733e-07,4.4965375943235747e-07
fig2b,regional profile,-6.908888888888888,315.9,-6.907749077490775,316.0,temporal_open_triangle,0.02222952885239911,log10_half_repeat_plus_one_pixel,penetration_depth_mm,60.0,1.1734146011156122e-07,log10_normalized_photon_flux,1.299901801591948e-07,1.235039980731183e-07
fig2b,regional profile,-7.1577777777777785,327.1,-7.1512915129151295,327.0,occipital_open_circle,0.022457628291093778,log10_half_repeat_plus_one_pixel,penetration_depth_mm,60.0,6.652849919202971e-08,log10_normalized_photon_flux,7.377733830324146e-08,7.005922916859206e-08
fig4,blue diamond,1.263537906137184,614.0,1.0869565217391304,614.0,pencil_gain,0.2015291092838443,linear_half_repeat_plus_one_pixel,penetration_depth_mm,0,0.9737181046543129,gain,1.3767763232220014,1.1752472139381571
fig4,blue diamond,1.263537906137184,614.0,1.2681159420289856,613.0,pencil_gain,0.18117388101741655,linear_half_repeat_plus_one_pixel,penetration_depth_mm,10,1.0846530430656682,gain,1.4470008051005014,1.2658269240830848
fig4,blue diamond,2.3465703971119134,608.0,2.1739130434782608,608.0,pencil_gain,0.20067729318659946,linear_half_repeat_plus_one_pixel,penetration_depth_mm,20,2.0595644271084876,gain,2.460919013481687,2.2602417202950873
fig4,blue diamond,4.873646209386282,594.0,4.7101449275362315,594.0,pencil_gain,0.19875085622811473,linear_half_repeat_plus_one_pixel,penetration_depth_mm,30,4.593144712233142,gain,4.990646424689372,4.791895568461257
fig4,blue diamond,7.9422382671480145,577.0,7.608695652173913,578.0,pencil_gain,0.2462344503937188,linear_half_repeat_plus_one_pixel,penetration_depth_mm,40,7.529232509267245,gain,8.021701410054682,7.775466959660964
fig4,blue diamond,11.010830324909747,560.0,10.869565217391305,560.0,pencil_gain,0.19444200474770273,linear_half_repeat_plus_one_pixel,penetration_depth_mm,50,10.745755766402823,gain,11.13463977589823,10.940197771150526
fig4,blue diamond,15.703971119133573,534.0,15.579710144927537,534.0,pencil_gain,0.191517448258415,linear_half_repeat_plus_one_pixel,penetration_depth_mm,60,15.45032318377214,gain,15.833358080288969,15.641840632030554
fig4,blue diamond,21.119133574007222,504.0,21.195652173913043,503.0,pencil_gain,0.18515536609194758,linear_half_repeat_plus_one_pixel,penetration_depth_mm,70,20.972237507868186,gain,21.342548240052082,21.157392873960134
fig4,blue diamond,32.49097472924188,441.0,32.2463768115942,442.0,pencil_gain,0.218576693380495,linear_half_repeat_plus_one_pixel,penetration_depth_mm,80,32.15009907703754,gain,32.587252463798535,32.36867577041804
fig4,blue diamond,54.42238267148014,319.5,54.34782608695652,320.0,pencil_gain,0.18495514762696733,linear_half_repeat_plus_one_pixel,penetration_depth_mm,90,54.20014923159137,gain,54.5700595268453,54.38510437921833
fig4,blue diamond,98.55595667870035,75.0,98.55072463768116,76.0,pencil_gain,0.18117830754001152,linear_half_repeat_plus_one_pixel,penetration_depth_mm,100,98.37216235065075,gain,98.73451896573077,98.55334065819076
fig5a,source-density curve,14.069086651053864,378.5,14.055944055944057,379.0,277_sources_star,0.10559109247720563,linear_half_repeat_plus_one_pixel,penetration_depth_mm,60.0,13.956924261021754,gain,14.168106445976164,14.06251535349896
fig5a,source-density curve,12.129976580796255,396.9,12.167832167832168,397.0,229_sources_diamond,0.10707267731047505,linear_half_repeat_plus_one_pixel,penetration_depth_mm,60.0,12.041831697003737,gain,12.255977051624686,12.148904374314212
fig5a,source-density curve,11.033957845433253,407.3,11.118881118881118,407.0,181_sources_down_triangle,0.11361904528841073,linear_half_repeat_plus_one_pixel,penetration_depth_mm,60.0,10.962800436868774,gain,11.190038527445596,11.076419482157185
fig5a,source-density curve,6.112412177985949,454.0,6.188811188811189,454.0,105_sources_up_triangle,0.11209593691451764,linear_half_repeat_plus_one_pixel,penetration_depth_mm,60.0,6.038515746484052,gain,6.262707620313087,6.150611683398569
fig5a,source-density curve,2.971896955503512,483.8,3.041958041958042,484.0,53_sources_circle,0.11105600306949642,linear_half_repeat_plus_one_pixel,penetration_depth_mm,60.0,2.8958714956612805,gain,3.117983501800273,3.006927498730777
fig5a,source-density curve,1.1592505854800936,501.0,1.2587412587412588,501.0,13_sources_square,0.11653709870880041,linear_half_repeat_plus_one_pixel,penetration_depth_mm,60.0,1.0924588234018757,gain,1.3255330208194764,1.208995922110676
fig5b,open circle,46.911764705882355,75.5,46.94881889763779,76.0,uniformity,0.10015374509573238,linear_half_repeat_plus_one_pixel,number_of_sources,1.0,46.830138056664346,flux_uniformity_sd_over_mean,47.03044554685581,46.93029180176008
fig5b,open circle,18.147058823529417,368.9,18.11023622047244,369.0,uniformity,0.1001323893603446,linear_half_repeat_plus_one_pixel,number_of_sources,13.0,18.028515132640585,flux_uniformity_sd_over_mean,18.228779911361272,18.12864752200093
fig5b,open circle,9.274509803921571,459.4,9.251968503937007,459.0,uniformity,0.09906839519386228,linear_half_repeat_plus_one_pixel,number_of_sources,53.0,9.164170758735427,flux_uniformity_sd_over_mean,9.362307549123152,9.26323915392929
fig5b,open circle,6.705882352941175,485.6,6.594488188976378,486.0,uniformity,0.113091486489447,linear_half_repeat_plus_one_pixel,number_of_sources,105.0,6.537093784469329,flux_uniformity_sd_over_mean,6.763276757448223,6.650185270958776
fig5b,open circle,5.303921568627453,499.9,5.216535433070866,500.0,uniformity,0.10768752735074426,linear_half_repeat_plus_one_pixel,number_of_sources,181.0,5.152540973498415,flux_uniformity_sd_over_mean,5.367916028199903,5.260228500849159
fig5b,open circle,4.64705882352941,506.6,4.52755905511811,507.0,uniformity,0.11514151309422395,linear_half_repeat_plus_one_pixel,number_of_sources,229.0,4.472167426229536,flux_uniformity_sd_over_mean,4.702450452417985,4.58730893932376
fig5b,open circle,4.284313725490195,510.3,4.232283464566929,510.0,uniformity,0.10180523752722423,linear_half_repeat_plus_one_pixel,number_of_sources,277.0,4.156493357501337,flux_uniformity_sd_over_mean,4.360103832555786,4.2582985950285615
fig6c,blue diamond,1.8045112781954886,759.0,1.3533834586466165,759.0,gain_690nm,0.5043762355262683,linear_half_repeat_plus_one_pixel,penetration_depth_mm,0,1.0745711328947842,gain,2.083323603947321,1.5789473684210527
fig6c,blue diamond,1.8045112781954886,759.0,1.8045112781954886,758.0,gain_690nm,0.45112781954887216,linear_half_repeat_plus_one_pixel,penetration_depth_mm,10,1.3533834586466165,gain,2.2556390977443606,1.8045112781954886
fig6c,blue diamond,2.255639097744361,758.0,1.8045112781954886,758.0,gain_690nm,0.5043762355262684,linear_half_repeat_plus_one_pixel,penetration_depth_mm,20,1.5256989524436566,gain,2.5344514234961935,2.030075187969925
fig6c,blue diamond,4.962406015037594,752.0,4.511278195488722,752.0,gain_690nm,0.5043762355262683,linear_half_repeat_plus_one_pixel,penetration_depth_mm,30,4.232465869736889,gain,5.241218340789426,4.7368421052631575
fig6c,blue diamond,9.473684210526315,742.0,9.473684210526315,741.0,gain_690nm,0.45112781954887216,linear_half_repeat_plus_one_pixel,penetration_depth_mm,40,9.022556390977442,gain,9.924812030075188,9.473684210526315
fig6c,blue diamond,13.082706766917294,734.0,12.631578947368421,734.0,gain_690nm,0.5043762355262684,linear_half_repeat_plus_one_pixel,penetration_depth_mm,50,12.352766621616588,gain,13.361519092669127,12.857142857142858
fig6c,blue diamond,16.69172932330827,726.0,15.789473684210526,727.0,gain_690nm,0.6379910807698171,linear_half_repeat_plus_one_pixel,penetration_depth_mm,60,15.60261042298958,gain,16.878592584529216,16.240601503759397
fig6c,blue diamond,28.42105263157895,700.0,27.969924812030076,700.0,gain_690nm,0.5043762355262684,linear_half_repeat_plus_one_pixel,penetration_depth_mm,70,27.691112486278243,gain,28.69986495733078,28.195488721804512
fig6c,blue diamond,41.954887218045116,670.0,41.50375939849624,670.0,gain_690nm,0.5043762355262684,linear_half_repeat_plus_one_pixel,penetration_depth_mm,80,41.22494707274441,gain,42.233699543796945,41.72932330827068
fig6c,blue diamond,118.19548872180451,501.0,117.29323308270676,502.0,gain_690nm,0.6379910807698177,linear_half_repeat_plus_one_pixel,penetration_depth_mm,100,117.10636982148581,gain,118.38235198302546,117.74436090225564
