paper_panel,series,source_count,depth_mm,modeled_value,digitized_value,digitized_lower,digitized_upper,comparison_status,modeled_minus_digitized,modeled_over_digitized,inside_digitization_interval
fig2b,frontal_open_square,1,60.0,1.071094012747719e-07,4.0220599952687575e-06,3.8128440385913468e-06,4.242755917054999e-06,coordinate_approximation,-3.914950593993985e-06,0.02663048323514994,False
fig2b,occipital_open_circle,1,60.0,9.11423979812254e-09,7.005922916859206e-08,6.652849919202971e-08,7.377733830324146e-08,coordinate_approximation,-6.094498937046952e-08,0.13009334967402844,False
fig2b,temporal_open_triangle,1,60.0,5.128796195519077e-09,1.235039980731183e-07,1.1734146011156122e-07,1.299901801591948e-07,coordinate_approximation,-1.1837520187759923e-07,0.0415273697656546,False
fig2b,parietal_filled_circle,1,60.0,1.8268712152377975e-08,4.4965375943235747e-07,4.261305813212286e-07,4.7447545948183733e-07,coordinate_approximation,-4.313850472799795e-07,0.04062839856035093,False
fig2b,north_pole_filled_square,1,60.0,7.514704296244302e-08,1.2110702385598619e-06,1.1489533931207458e-06,1.2765453598963378e-06,coordinate_approximation,-1.1359231955974189e-06,0.06205011119074626,False
fig4,pencil_gain,277,0.0,1.002251081559467,1.1752472139381571,0.9737181046543129,1.3767763232220014,direct_pencil_ef_ref,-0.17299613237869016,0.8528002191139051,True
fig4,pencil_gain,277,10.0,1.5093755831888138,1.2658269240830848,1.0846530430656682,1.4470008051005014,direct_pencil_ef_ref,0.24354865910572898,1.1924028115313996,False
fig4,pencil_gain,277,20.0,7.225457663456947,2.2602417202950873,2.0595644271084876,2.460919013481687,direct_pencil_ef_ref,4.965215943161859,3.1967632481864032,False
fig4,pencil_gain,277,30.0,12.949421413584522,4.791895568461257,4.593144712233142,4.990646424689372,direct_pencil_ef_ref,8.157525845123265,2.7023588533133993,False
fig4,pencil_gain,277,40.0,23.107466707502518,7.775466959660964,7.529232509267245,8.021701410054682,direct_pencil_ef_ref,15.331999747841554,2.9718429552056227,False
fig4,pencil_gain,277,50.0,25.425042114701018,10.940197771150526,10.745755766402823,11.13463977589823,direct_pencil_ef_ref,14.484844343550492,2.3240020561371617,False
fig4,pencil_gain,277,60.0,22.43221789956492,15.641840632030554,15.45032318377214,15.833358080288969,direct_pencil_ef_ref,6.790377267534367,1.4341162544278443,False
fig4,pencil_gain,277,70.0,31.27277830445271,21.157392873960134,20.972237507868186,21.342548240052082,direct_pencil_ef_ref,10.115385430492577,1.4781016966859977,False
fig4,pencil_gain,277,80.0,146.9159559470325,32.36867577041804,32.15009907703754,32.587252463798535,direct_pencil_ef_ref,114.54728017661446,4.538831214136355,False
fig4,pencil_gain,277,90.0,67.23297898216981,54.38510437921833,54.20014923159137,54.5700595268453,direct_pencil_ef_ref,12.847874602951478,1.2362388516047589,False
fig4,pencil_gain,277,100.0,241.524691755703,98.55334065819076,98.37216235065075,98.73451896573077,direct_pencil_ef_ref,142.97135109751224,2.4507002009538668,False
fig5a,277_sources_star,277,60.0,22.43221789956492,14.06251535349896,13.956924261021754,14.168106445976164,approximate_nested_layout,8.369702546065962,1.5951781979020885,False
fig5a,229_sources_diamond,229,60.0,15.613751924541424,12.148904374314212,12.041831697003737,12.255977051624686,approximate_nested_layout,3.464847550227212,1.2851983556272577,False
fig5a,181_sources_down_triangle,181,60.0,10.73014790346703,11.076419482157185,10.962800436868774,11.190038527445596,approximate_nested_layout,-0.3462715786901551,0.9687379500886584,False
fig5a,105_sources_up_triangle,105,60.0,5.419559234309668,6.150611683398569,6.038515746484052,6.262707620313087,approximate_nested_layout,-0.7310524490889012,0.8811415048259148,False
fig5a,53_sources_circle,53,60.0,2.1215927800860173,3.006927498730777,2.8958714956612805,3.117983501800273,approximate_nested_layout,-0.8853347186447595,0.7055683188176439,False
fig5a,13_sources_square,13,60.0,1.0057123007996156,1.208995922110676,1.0924588234018757,1.3255330208194764,approximate_nested_layout,-0.20328362131106048,0.8318574797538059,False
