region,emitter_id,depth_mm,fluence_raw,fluence_normalized_to_depth0
frontal,YUE011,0.0,0.20908934727816664,1.0
frontal,YUE011,1.0,0.3316470276273168,1.58614980602576
frontal,YUE011,2.0,0.2385184190272342,1.1407487857806353
frontal,YUE011,3.0,0.12094045891178289,0.5784152109427511
frontal,YUE011,4.0,0.06204299467112448,0.29672958225166873
frontal,YUE011,5.0,0.033678502625377325,0.16107230264855332
frontal,YUE011,6.0,0.0188954203724392,0.09037007680406244
frontal,YUE011,7.0,0.010849513233567913,0.05188936392409329
frontal,YUE011,8.0,0.006515931184776442,0.03116338192068594
frontal,YUE011,9.0,0.00399116160754641,0.019088306790860463
frontal,YUE011,10.0,0.0024613793597637462,0.0117719022599903
frontal,YUE011,11.0,0.0015024019515886776,0.007185454310065467
frontal,YUE011,12.0,0.0008729938184547599,0.004175219014354439
frontal,YUE011,13.0,0.000461716122465652,0.0022082240366430423
frontal,YUE011,14.0,0.00023057457753727968,0.0011027562166069115
frontal,YUE011,15.0,0.00015222988755065746,0.0007280614222212625
frontal,YUE011,16.0,0.00014198354699679387,0.0006790568187479342
frontal,YUE011,17.0,0.000132093669576987,0.0006317570516935674
frontal,YUE011,18.0,0.00012147975565225238,0.000580994475489175
frontal,YUE011,19.0,0.00011069988405872644,0.0005294381827662143
frontal,YUE011,20.0,9.81026446671177e-05,0.0004691900660850248
frontal,YUE011,21.0,8.532177487618412e-05,0.0004080637104991983
frontal,YUE011,22.0,7.303009122765821e-05,0.00034927695828760235
frontal,YUE011,23.0,6.243472379913634e-05,0.00029860308337982864
frontal,YUE011,24.0,5.3522502449965796e-05,0.00025597909767617643
frontal,YUE011,25.0,4.589390384723354e-05,0.00021949422313790844
frontal,YUE011,26.0,3.9642859278594375e-05,0.00018959769971377174
frontal,YUE011,27.0,3.462155939104802e-05,0.00016558260782644497
frontal,YUE011,28.0,3.036577111973225e-05,0.0001452286857987771
frontal,YUE011,29.0,2.6514750063211476e-05,0.0001268106214322674
frontal,YUE011,30.0,2.2656886451458334e-05,0.0001083598315571584
frontal,YUE011,31.0,1.885718172068622e-05,9.018719492963528e-05
frontal,YUE011,32.0,1.550124431445479e-05,7.413693962051719e-05
frontal,YUE011,33.0,1.2973387479465437e-05,6.204709923459661e-05
frontal,YUE011,34.0,1.1465799134476582e-05,5.483684024907688e-05
frontal,YUE011,35.0,1.0252823389473085e-05,4.903560857088054e-05
frontal,YUE011,36.0,8.375135580053298e-06,4.005529544702845e-05
frontal,YUE011,37.0,5.710017420681367e-06,2.7308982953994875e-05
frontal,YUE011,38.0,3.834124638976594e-06,1.8337254809427387e-05
frontal,YUE011,39.0,2.5953137774048126e-06,1.2412462955140797e-05
frontal,YUE011,40.0,1.7488696836722997e-06,8.364221833576497e-06
frontal,YUE011,41.0,1.348786384348285e-06,6.450765674608459e-06
frontal,YUE011,42.0,1.1938511294751853e-06,5.709765442459003e-06
frontal,YUE011,43.0,1.0775018834347138e-06,5.153308370135353e-06
frontal,YUE011,44.0,9.353960593171426e-07,4.473666743398064e-06
frontal,YUE011,45.0,7.854981655402014e-07,3.756758418185679e-06
frontal,YUE011,46.0,6.652258004245681e-07,3.181538462308987e-06
frontal,YUE011,47.0,5.876491632285776e-07,2.8105169913165662e-06
frontal,YUE011,48.0,5.183042295128698e-07,2.4788648310395858e-06
frontal,YUE011,49.0,4.227595280053965e-07,2.0219084975332054e-06
frontal,YUE011,50.0,3.0827456950136976e-07,1.4743676495926398e-06
frontal,YUE011,51.0,2.055721806676197e-07,9.831786427365532e-07
frontal,YUE011,52.0,1.4654955365104892e-07,7.008944049936866e-07
frontal,YUE011,53.0,1.1992077645856192e-07,5.735384323478836e-07
frontal,YUE011,54.0,1.0292771669582569e-07,4.922666698982685e-07
frontal,YUE011,55.0,8.625188315205268e-08,4.1251208765459286e-07
frontal,YUE011,56.0,6.087413119016102e-08,2.911393238469283e-07
frontal,YUE011,57.0,4.1488626427294004e-08,1.9842534766775418e-07
frontal,YUE011,58.0,3.0568490690327534e-08,1.4619822142186932e-07
frontal,YUE011,59.0,2.616708226359476e-08,1.251478499704856e-07
frontal,YUE011,60.0,2.2395434799897287e-08,1.071094012747719e-07
frontal,YUE011,61.0,1.6669162788482364e-08,7.972267839310902e-08
frontal,YUE011,62.0,1.0973049879893307e-08,5.2480195776282505e-08
frontal,YUE011,63.0,7.4196660592833974e-09,3.5485624475227236e-08
frontal,YUE011,64.0,4.747049463109306e-09,2.270344962526457e-08
frontal,YUE011,65.0,2.9929903385327986e-09,1.4314408541105673e-08
frontal,YUE011,66.0,2.464003331988386e-09,1.1784451786108188e-08
frontal,YUE011,67.0,1.946433244210736e-09,9.309098093941894e-09
frontal,YUE011,68.0,1.9708400452081793e-09,9.425827144537539e-09
frontal,YUE011,69.0,1.924114606794199e-09,9.202355987244107e-09
frontal,YUE011,70.0,1.3600541229584479e-09,6.504655261796144e-09
frontal,YUE011,71.0,1.7024978281277738e-09,8.142441737420597e-09
frontal,YUE011,72.0,1.8739930151172036e-09,8.962642236498521e-09
frontal,YUE011,73.0,1.4303932166352207e-09,6.841062135663303e-09
frontal,YUE011,74.0,9.474528097614725e-10,4.5313298936315856e-09
frontal,YUE011,75.0,9.250758142673576e-10,4.424308680999719e-09
frontal,YUE011,76.0,1.0143214202650477e-09,4.8511386805164334e-09
frontal,YUE011,77.0,1.179796307589821e-09,5.642546226997652e-09
frontal,YUE011,78.0,8.622397820283119e-10,4.123786282049138e-09
frontal,YUE011,79.0,7.105799510150017e-10,3.3984512375451915e-09
frontal,YUE011,80.0,5.46274764243295e-10,2.6126379528869364e-09
frontal,YUE011,81.0,5.061130114694471e-10,2.4205585700936184e-09
frontal,YUE011,82.0,5.49556103286331e-10,2.6283314307505913e-09
frontal,YUE011,83.0,6.491779486428552e-10,3.104787293535366e-09
frontal,YUE011,84.0,7.017624841756212e-10,3.3562804289690376e-09
frontal,YUE011,85.0,4.837611081006184e-10,2.3136573641747333e-09
frontal,YUE011,86.0,4.699497021244686e-10,2.2476023204532776e-09
frontal,YUE011,87.0,4.952152473710738e-10,2.368438439440213e-09
frontal,YUE011,88.0,5.039766381806949e-10,2.4103410563055537e-09
frontal,YUE011,89.0,3.729931853320361e-10,1.783893776452496e-09
frontal,YUE011,90.0,1.6281143836592593e-10,7.786692171807593e-10
frontal,YUE011,91.0,1.1019388506257779e-10,5.270181694908585e-10
frontal,YUE011,92.0,9.28316254304877e-11,4.4398065534628647e-10
frontal,YUE011,93.0,1.2804046103733175e-10,6.123719964890909e-10
frontal,YUE011,94.0,1.445140204141468e-10,6.911591733168949e-10
frontal,YUE011,95.0,3.9745938224355034e-11,1.9009068965851305e-10
frontal,YUE011,96.0,3.587787682885891e-11,1.7159112740989135e-10
frontal,YUE011,97.0,2.7737346808482407e-11,1.326578669337057e-10
frontal,YUE011,98.0,3.153099017784883e-11,1.5080151422492547e-10
frontal,YUE011,99.0,3.0047641541192284e-11,1.437071851451989e-10
frontal,YUE011,100.0,3.357411282599016e-11,1.6057304335703002e-10
occipital,YUE031,0.0,0.27405863851869233,1.0
occipital,YUE031,1.0,0.21157101381920895,0.7719917714061716
occipital,YUE031,2.0,0.10642922455118872,0.3883447174898289
occipital,YUE031,3.0,0.053916922636664394,0.1967349868192057
occipital,YUE031,4.0,0.02935140529326431,0.10709899695886572
occipital,YUE031,5.0,0.016988857410373735,0.061989862834464164
occipital,YUE031,6.0,0.010176079122627649,0.03713102851867807
occipital,YUE031,7.0,0.006129417873985068,0.022365351835340917
occipital,YUE031,8.0,0.0037037218079525856,0.013514340682605307
occipital,YUE031,9.0,0.0023023004219387662,0.008400758444918482
occipital,YUE031,10.0,0.0014490656005545013,0.0052874290275497626
occipital,YUE031,11.0,0.0009139547116805927,0.0033348874409527356
occipital,YUE031,12.0,0.0005668837573015253,0.0020684761493583084
occipital,YUE031,13.0,0.0003392231465569312,0.0012377757854686062
occipital,YUE031,14.0,0.00019984684565695573,0.0007292119917735236
occipital,YUE031,15.0,0.00013745923469442482,0.0005015686987186479
occipital,YUE031,16.0,0.00010711269357404763,0.00039083859626903145
occipital,YUE031,17.0,7.877962484050606e-05,0.00028745536089034044
occipital,YUE031,18.0,5.735473768655677e-05,0.0002092790725246373
occipital,YUE031,19.0,4.2159097088233985e-05,0.0001538323962933885
occipital,YUE031,20.0,3.082954467401106e-05,0.00011249251196987287
occipital,YUE031,21.0,2.302944417883591e-05,8.403108292193159e-05
occipital,YUE031,22.0,1.7469034341024926e-05,6.374195841972498e-05
occipital,YUE031,23.0,1.3500731046774775e-05,4.9262198483314545e-05
occipital,YUE031,24.0,1.0742531513250123e-05,3.919793067394014e-05
occipital,YUE031,25.0,8.531598158441207e-06,3.1130557330924285e-05
occipital,YUE031,26.0,6.725562661618472e-06,2.4540597216605348e-05
occipital,YUE031,27.0,5.2400827814395975e-06,1.912029779379567e-05
occipital,YUE031,28.0,4.020167299094663e-06,1.4669004125627899e-05
occipital,YUE031,29.0,3.098755436282772e-06,1.1306906627836216e-05
occipital,YUE031,30.0,2.468283115145838e-06,9.006405083551079e-06
occipital,YUE031,31.0,1.9545202599900617e-06,7.131759358341673e-06
occipital,YUE031,32.0,1.5508957306952224e-06,5.658992320322144e-06
occipital,YUE031,33.0,1.27520562120707e-06,4.653039320707615e-06
occipital,YUE031,34.0,1.0242641152775624e-06,3.737390365849394e-06
occipital,YUE031,35.0,8.054495119726443e-07,2.938967792900672e-06
occipital,YUE031,36.0,6.391178168842165e-07,2.3320476973055718e-06
occipital,YUE031,37.0,5.109750355768465e-07,1.8644733781744857e-06
occipital,YUE031,38.0,4.0299135673314194e-07,1.4704566836912738e-06
occipital,YUE031,39.0,3.293438646718698e-07,1.2017277267813863e-06
occipital,YUE031,40.0,2.562150036388793e-07,9.348911788504123e-07
occipital,YUE031,41.0,2.114682314679084e-07,7.716167335972702e-07
occipital,YUE031,42.0,1.7279105256950637e-07,6.30489348934429e-07
occipital,YUE031,43.0,1.3518013108993774e-07,4.932525820773122e-07
occipital,YUE031,44.0,1.0598745984913635e-07,3.8673278252423123e-07
occipital,YUE031,45.0,8.601236032599143e-08,3.138465577691502e-07
occipital,YUE031,46.0,6.650899500936174e-08,2.4268162233034466e-07
occipital,YUE031,47.0,4.593039133013033e-08,1.6759329893189123e-07
occipital,YUE031,48.0,2.9751944008746766e-08,1.0856050431235546e-07
occipital,YUE031,49.0,2.0885929163442624e-08,7.6209709266355e-08
occipital,YUE031,50.0,1.4380088172974878e-08,5.2470844380970224e-08
occipital,YUE031,51.0,1.0141732879870068e-08,3.700570408831811e-08
occipital,YUE031,52.0,9.146722498846842e-09,3.3375056332052034e-08
occipital,YUE031,53.0,9.508948472351319e-09,3.469676607804777e-08
occipital,YUE031,54.0,8.445710190460806e-09,3.0817164662681345e-08
occipital,YUE031,55.0,6.1659938365583615e-09,2.2498812188099688e-08
occipital,YUE031,56.0,5.069424829244702e-09,1.8497591817011595e-08
occipital,YUE031,57.0,4.509421817748584e-09,1.6454222505527832e-08
occipital,YUE031,58.0,4.275091823914763e-09,1.5599186535487287e-08
occipital,YUE031,59.0,3.454797542483932e-09,1.2606052343970523e-08
occipital,YUE031,60.0,2.4978361502063445e-09,9.11423979812254e-09
occipital,YUE031,61.0,2.4049805101939334e-09,8.775423110882529e-09
occipital,YUE031,62.0,2.083469933315104e-09,7.602277908758566e-09
occipital,YUE031,63.0,1.8660563891775826e-09,6.808967596364627e-09
occipital,YUE031,64.0,1.9702577913835374e-09,7.189183315048669e-09
occipital,YUE031,65.0,1.8220719710764736e-09,6.6484748699216725e-09
occipital,YUE031,66.0,1.6789673405027912e-09,6.126306945030949e-09
occipital,YUE031,67.0,1.8261298492148362e-09,6.663281475399593e-09
occipital,YUE031,68.0,1.6188510590046356e-09,5.906951401914014e-09
occipital,YUE031,69.0,1.4544656644063299e-09,5.307133072935876e-09
occipital,YUE031,70.0,1.375677926063589e-09,5.019648107059249e-09
occipital,YUE031,71.0,1.4902543678604303e-09,5.4377208319918975e-09
occipital,YUE031,72.0,1.5058427885894478e-09,5.4946007056323496e-09
occipital,YUE031,73.0,9.686590890193994e-10,3.5344957351283473e-09
occipital,YUE031,74.0,7.635262609860331e-10,2.785995964633519e-09
occipital,YUE031,75.0,6.007583642754828e-10,2.1920796495327687e-09
occipital,YUE031,76.0,5.584726569642189e-10,2.037785271001877e-09
occipital,YUE031,77.0,4.820331521213827e-10,1.7588686666722431e-09
occipital,YUE031,78.0,3.9687987398116964e-10,1.448156774500287e-09
occipital,YUE031,79.0,4.352215324268585e-10,1.588059893967451e-09
occipital,YUE031,80.0,3.2510206539125373e-10,1.1862500198806174e-09
occipital,YUE031,81.0,2.908838973688107e-10,1.0613929155492422e-09
occipital,YUE031,82.0,3.4154760844988253e-10,1.2462574078889584e-09
occipital,YUE031,83.0,2.808237313767152e-10,1.0246848371377335e-09
occipital,YUE031,84.0,1.9891232695740852e-10,7.258020693401408e-10
occipital,YUE031,85.0,2.3445074537607985e-10,8.554765748064131e-10
occipital,YUE031,86.0,2.2674695689086764e-10,8.273665742355435e-10
occipital,YUE031,87.0,1.6043992805872525e-10,5.854218970287351e-10
occipital,YUE031,88.0,1.9001444919562824e-10,6.933350111591837e-10
occipital,YUE031,89.0,2.507647574217019e-10,9.150040253323317e-10
occipital,YUE031,90.0,1.7131493001587625e-10,6.251031930314125e-10
occipital,YUE031,91.0,8.974850020418969e-11,3.2747918726184704e-10
occipital,YUE031,92.0,8.20414358367452e-11,2.9935723347450517e-10
occipital,YUE031,93.0,1.4516736354381874e-10,5.296945366453666e-10
occipital,YUE031,94.0,2.2099166575412152e-10,8.063663562973172e-10
occipital,YUE031,95.0,1.4389733657395178e-10,5.250603934680832e-10
occipital,YUE031,96.0,6.447020443805787e-11,2.3524237289699823e-10
occipital,YUE031,97.0,3.975092743476034e-11,1.450453364638207e-10
occipital,YUE031,98.0,5.86001167553662e-11,2.1382327910590327e-10
occipital,YUE031,99.0,7.476703345690564e-11,2.7281400017538984e-10
occipital,YUE031,100.0,4.395467317060495e-11,1.603841915298977e-10
temporal,YUE041,0.0,0.3078238135908301,1.0
temporal,YUE041,1.0,0.5106142076639484,1.6587872189208668
temporal,YUE041,2.0,0.3460961553212279,1.124331971863849
temporal,YUE041,3.0,0.14594780202703395,0.4741277171656145
temporal,YUE041,4.0,0.06973346604085749,0.22653694406355965
temporal,YUE041,5.0,0.037774257728318904,0.12271389041567048
temporal,YUE041,6.0,0.022239170978663594,0.07224642797852104
temporal,YUE041,7.0,0.013805208223313005,0.04484775905500072
temporal,YUE041,8.0,0.008870985904620609,0.028818387379256582
temporal,YUE041,9.0,0.00578304452603673,0.018786865312908345
temporal,YUE041,10.0,0.0037483150311930892,0.012176819549690451
temporal,YUE041,11.0,0.00236770798925978,0.007691763550194392
temporal,YUE041,12.0,0.0014580671374518814,0.004736693761418971
temporal,YUE041,13.0,0.0008696116256340608,0.0028250303817948866
temporal,YUE041,14.0,0.00047774571339890165,0.001552010248414171
temporal,YUE041,15.0,0.0002786842483459555,0.0009053368714234439
temporal,YUE041,16.0,0.00022202425584860166,0.0007212705646734786
temporal,YUE041,17.0,0.00020334829831491368,0.0006605996330914513
temporal,YUE041,18.0,0.0001806481135981855,0.0005868555505530482
temporal,YUE041,19.0,0.00015511529239689806,0.0005039093323789516
temporal,YUE041,20.0,0.00012758494437801687,0.00041447392548910175
temporal,YUE041,21.0,9.472086122110532e-05,0.0003077112849592966
temporal,YUE041,22.0,6.602725074484715e-05,0.00021449689020035603
temporal,YUE041,23.0,4.692752696345256e-05,0.0001524493066862924
temporal,YUE041,24.0,3.317031397717272e-05,0.00010775746551325569
temporal,YUE041,25.0,2.3597444648513763e-05,7.66589315272414e-05
temporal,YUE041,26.0,1.66923294678258e-05,5.4226894511851545e-05
temporal,YUE041,27.0,1.1833018217934356e-05,3.844087980036271e-05
temporal,YUE041,28.0,8.431300778359487e-06,2.73900211942883e-05
temporal,YUE041,29.0,6.073915063810113e-06,1.9731790705067958e-05
temporal,YUE041,30.0,4.466762694210955e-06,1.4510776934718663e-05
temporal,YUE041,31.0,3.316836971104381e-06,1.07751149347829e-05
temporal,YUE041,32.0,2.480981568737292e-06,8.059745410194602e-06
temporal,YUE041,33.0,1.8947265153845068e-06,6.155230465382518e-06
temporal,YUE041,34.0,1.489325504451292e-06,4.838240053873656e-06
temporal,YUE041,35.0,1.154724451439572e-06,3.751251204282951e-06
temporal,YUE041,36.0,8.783350643631366e-07,2.8533694457136753e-06
temporal,YUE041,37.0,6.484412888033468e-07,2.1065338683162344e-06
temporal,YUE041,38.0,4.788597849203753e-07,1.5556294340401227e-06
temporal,YUE041,39.0,3.5753939109773725e-07,1.1615065999181946e-06
temporal,YUE041,40.0,2.5333527171513516e-07,8.229878928466432e-07
temporal,YUE041,41.0,1.8900000780272803e-07,6.139876106335076e-07
temporal,YUE041,42.0,1.4289928343810596e-07,4.6422426442956277e-07
temporal,YUE041,43.0,1.0485013690902234e-07,3.4061736707736563e-07
temporal,YUE041,44.0,7.830628420879688e-08,2.5438670028591177e-07
temporal,YUE041,45.0,5.7993908419158847e-08,1.8839968143675306e-07
temporal,YUE041,46.0,4.336930342593817e-08,1.408900205608723e-07
temporal,YUE041,47.0,2.995003459542592e-08,9.729602867969313e-08
temporal,YUE041,48.0,2.1950454476693143e-08,7.130850021197657e-08
temporal,YUE041,49.0,1.6871495930496813e-08,5.480893675407121e-08
temporal,YUE041,50.0,1.301314953188173e-08,4.227466803195172e-08
temporal,YUE041,51.0,1.0422860983415744e-08,3.385982670356415e-08
temporal,YUE041,52.0,8.898663366297149e-09,2.8908300701275683e-08
temporal,YUE041,53.0,6.417078391563251e-09,2.084659505938371e-08
temporal,YUE041,54.0,5.180004490034701e-09,1.6827822479387964e-08
temporal,YUE041,55.0,4.340252584262229e-09,1.4099794728784176e-08
temporal,YUE041,56.0,3.4950187304117036e-09,1.1353958258269782e-08
temporal,YUE041,57.0,2.810130992810817e-09,9.129024034983008e-09
temporal,YUE041,58.0,2.2895504244997157e-09,7.43785998162918e-09
temporal,YUE041,59.0,1.8225208353641389e-09,5.920662258400501e-09
temporal,YUE041,60.0,1.578765604034823e-09,5.128796195519077e-09
temporal,YUE041,61.0,1.2502899652306258e-09,4.061706437347157e-09
temporal,YUE041,62.0,9.951835481685177e-10,3.2329647812477223e-09
temporal,YUE041,63.0,6.721257844072164e-10,2.183475594583559e-09
temporal,YUE041,64.0,5.318702803541203e-10,1.7278399424324603e-09
temporal,YUE041,65.0,4.709981629343012e-10,1.5300900779572824e-09
temporal,YUE041,66.0,4.373676869778435e-10,1.4208377249175643e-09
temporal,YUE041,67.0,2.859211726656646e-10,9.288468274443535e-10
temporal,YUE041,68.0,2.1204829100552193e-10,6.888625299385828e-10
temporal,YUE041,69.0,1.6078098653203867e-10,5.223149718551477e-10
temporal,YUE041,70.0,1.3247424164414022e-10,4.303573531196306e-10
temporal,YUE041,71.0,1.0478407941682428e-10,3.404027719444307e-10
temporal,YUE041,72.0,6.441605661977715e-11,2.0926274633645195e-10
temporal,YUE041,73.0,5.4804022635866464e-11,1.7803698159855117e-10
temporal,YUE041,74.0,5.281300185782984e-11,1.7156892847812834e-10
temporal,YUE041,75.0,3.719429810073783e-11,1.2082982686381034e-10
temporal,YUE041,76.0,2.0358814710100782e-11,6.61378808631174e-11
temporal,YUE041,77.0,1.8677315701426484e-11,6.067534374144623e-11
temporal,YUE041,78.0,1.0382121737187652e-11,3.372748071722587e-11
temporal,YUE041,79.0,6.250002280583859e-12,2.0303829673462415e-11
temporal,YUE041,80.0,5.732651123302954e-12,1.8623156722120883e-11
temporal,YUE041,81.0,7.694929981144945e-12,2.499783850827509e-11
temporal,YUE041,82.0,9.289858702047902e-12,3.017914239213571e-11
temporal,YUE041,83.0,1.1617318131347719e-11,3.774015400507595e-11
temporal,YUE041,84.0,8.510536059606429e-12,2.7647425845093722e-11
temporal,YUE041,85.0,5.357835751239919e-12,1.7405527170687764e-11
temporal,YUE041,86.0,9.680738517530438e-12,3.144895908020425e-11
temporal,YUE041,87.0,1.4029682797403207e-11,4.557698975184532e-11
temporal,YUE041,88.0,1.983570087757006e-11,6.443848721832922e-11
temporal,YUE041,89.0,1.143241835613777e-11,3.7139486457451695e-11
temporal,YUE041,90.0,2.1319823141612962e-12,6.925982396525045e-12
temporal,YUE041,91.0,4.665861828932856e-12,1.5157572685831508e-11
temporal,YUE041,92.0,4.985753053762413e-12,1.619677501750935e-11
temporal,YUE041,93.0,6.559828472189161e-13,2.1310334621832436e-12
temporal,YUE041,94.0,2.5078385374136974e-13,8.146993269166634e-13
temporal,YUE041,95.0,3.34813527655428e-13,1.0876790971749625e-12
temporal,YUE041,96.0,6.948146426820101e-13,2.2571828819117333e-12
temporal,YUE041,97.0,3.9522761592155557e-13,1.2839410028455613e-12
temporal,YUE041,98.0,6.266793332651177e-13,2.035837727935244e-12
temporal,YUE041,99.0,5.980129155197513e-13,1.9427116717962908e-12
temporal,YUE041,100.0,4.0919357234751434e-13,1.3293109703703053e-12
parietal,YUE206,0.0,0.25334899663278304,1.0
parietal,YUE206,1.0,0.3335895939035509,1.3167196173548408
parietal,YUE206,2.0,0.1528147630420954,0.6031788760687018
parietal,YUE206,3.0,0.0788958346987117,0.3114116722280426
parietal,YUE206,4.0,0.04424090593793944,0.17462435820128575
parietal,YUE206,5.0,0.025480109494921514,0.1005731612659737
parietal,YUE206,6.0,0.015364174518364932,0.060644307743734825
parietal,YUE206,7.0,0.009702458698415385,0.03829681122628886
parietal,YUE206,8.0,0.006195763787000294,0.02445545026563002
parietal,YUE206,9.0,0.003870530284869666,0.015277464431721472
parietal,YUE206,10.0,0.0024223631100932313,0.009561368477035368
parietal,YUE206,11.0,0.0015678427293147812,0.006188470253100281
parietal,YUE206,12.0,0.0010127078067712087,0.0039972836688952
parietal,YUE206,13.0,0.0006450601196134863,0.002546132521489593
parietal,YUE206,14.0,0.00040955518076099366,0.001616565236903716
parietal,YUE206,15.0,0.00024689451527274054,0.0009745233592955651
parietal,YUE206,16.0,0.00013211201777760394,0.0005214625656050804
parietal,YUE206,17.0,7.43682267235558e-05,0.0002935406404287004
parietal,YUE206,18.0,6.106720228117178e-05,0.00024103984263922586
parietal,YUE206,19.0,5.394210191941741e-05,0.00021291618532677216
parietal,YUE206,20.0,4.6169101478051044e-05,0.00018223518581749466
parietal,YUE206,21.0,3.6337602031031684e-05,0.00014342903470701822
parietal,YUE206,22.0,2.7787260904110962e-05,0.00010967977483008245
parietal,YUE206,23.0,2.071482379142545e-05,8.176398591169703e-05
parietal,YUE206,24.0,1.5559159270537783e-05,6.14139368117965e-05
parietal,YUE206,25.0,1.1949096393315796e-05,4.716456963370345e-05
parietal,YUE206,26.0,9.262387248114525e-06,3.655979447804919e-05
parietal,YUE206,27.0,7.371162607969469e-06,2.9094895602265235e-05
parietal,YUE206,28.0,5.954956460174169e-06,2.350495379622753e-05
parietal,YUE206,29.0,4.83270243013306e-06,1.907527755927064e-05
parietal,YUE206,30.0,3.9834220368179015e-06,1.5723062217576795e-05
parietal,YUE206,31.0,3.291453481320271e-06,1.2991776265414114e-05
parietal,YUE206,32.0,2.6780745788017948e-06,1.057069344815102e-05
parietal,YUE206,33.0,2.191019627863199e-06,8.648226979319657e-06
parietal,YUE206,34.0,1.702248083122257e-06,6.7189849012490155e-06
parietal,YUE206,35.0,1.3438162620592754e-06,5.3042099235430215e-06
parietal,YUE206,36.0,1.0439215807768715e-06,4.1204883171097954e-06
parietal,YUE206,37.0,8.019257946996626e-07,3.165300851228611e-06
parietal,YUE206,38.0,6.414217649689094e-07,2.5317714831869606e-06
parietal,YUE206,39.0,5.137155079577468e-07,2.027699003293675e-06
parietal,YUE206,40.0,4.0042362328212745e-07,1.580521843796847e-06
parietal,YUE206,41.0,3.231636677617449e-07,1.2755671901482002e-06
parietal,YUE206,42.0,2.5032867885720657e-07,9.880784300876696e-07
parietal,YUE206,43.0,1.9730723878399921e-07,7.787962115752383e-07
parietal,YUE206,44.0,1.604698580341751e-07,6.333944881051504e-07
parietal,YUE206,45.0,1.241858469551033e-07,4.901769835508945e-07
parietal,YUE206,46.0,1.0305727683307091e-07,4.067798894125773e-07
parietal,YUE206,47.0,8.921294398401953e-08,3.521345857679844e-07
parietal,YUE206,48.0,6.563950510755499e-08,2.590872905752859e-07
parietal,YUE206,49.0,5.207436395001299e-08,2.05543991261557e-07
parietal,YUE206,50.0,4.062650663501511e-08,1.6035787461160245e-07
parietal,YUE206,51.0,2.964243826684002e-08,1.1700239061852407e-07
parietal,YUE206,52.0,2.279908985901118e-08,8.999084331112369e-08
parietal,YUE206,53.0,1.7096462088251252e-08,6.748186223540382e-08
parietal,YUE206,54.0,1.2631122058174076e-08,4.9856609759865235e-08
parietal,YUE206,55.0,1.118803771660904e-08,4.416057638004208e-08
parietal,YUE206,56.0,9.695389612124033e-09,3.826890866347904e-08
parietal,YUE206,57.0,7.238587721724587e-09,2.8571606037250527e-08
parietal,YUE206,58.0,7.449723983198611e-09,2.940498712136848e-08
parietal,YUE206,59.0,5.977730895330915e-09,2.359484732436238e-08
parietal,YUE206,60.0,4.6283598935780906e-09,1.8268712152377975e-08
parietal,YUE206,61.0,3.781395178013547e-09,1.4925637078778307e-08
parietal,YUE206,62.0,2.8479093627272194e-09,1.1241052463511921e-08
parietal,YUE206,63.0,2.471952547075707e-09,9.757104152493177e-09
parietal,YUE206,64.0,1.8028468425789252e-09,7.116060716798746e-09
parietal,YUE206,65.0,1.25738175072998e-09,4.9630421570308935e-09
parietal,YUE206,66.0,1.2253332187359438e-09,4.836542615213133e-09
parietal,YUE206,67.0,9.52867001666761e-10,3.761084568445696e-09
parietal,YUE206,68.0,6.266095829951105e-10,2.47330595867072e-09
parietal,YUE206,69.0,6.444785028353805e-10,2.543836807727802e-09
parietal,YUE206,70.0,7.082248761020454e-10,2.7954516714687552e-09
parietal,YUE206,71.0,8.264806451119007e-10,3.2622218998161017e-09
parietal,YUE206,72.0,5.92223931041398e-10,2.3375815136927406e-09
parietal,YUE206,73.0,3.4983538950920613e-10,1.3808437931817642e-09
parietal,YUE206,74.0,3.1436740400443234e-10,1.240847243062472e-09
parietal,YUE206,75.0,3.3827485544262184e-10,1.3352129273791231e-09
parietal,YUE206,76.0,2.7364463841035407e-10,1.0801094223672358e-09
parietal,YUE206,77.0,2.2686200860532082e-10,8.954525639355351e-10
parietal,YUE206,78.0,7.332056229873252e-11,2.894053786406231e-10
parietal,YUE206,79.0,1.0657231547753882e-10,4.2065418412534777e-10
parietal,YUE206,80.0,9.76093598110871e-11,3.8527628334193516e-10
parietal,YUE206,81.0,6.433943277066007e-11,2.5395574336501883e-10
parietal,YUE206,82.0,5.7730808250115505e-11,2.2787068043452125e-10
parietal,YUE206,83.0,4.583204142996488e-11,1.8090476788584316e-10
parietal,YUE206,84.0,6.113511240539256e-11,2.4130789234584935e-10
parietal,YUE206,85.0,2.0655565416231738e-11,8.153008573454493e-11
parietal,YUE206,86.0,1.084753116766951e-11,4.2816554680863705e-11
parietal,YUE206,87.0,2.3183839126238748e-11,9.15094965220746e-11
parietal,YUE206,88.0,3.759824953261148e-12,1.4840496718883124e-11
parietal,YUE206,89.0,1.3518619207033045e-11,5.335967138890083e-11
parietal,YUE206,90.0,2.5389993386357444e-11,1.0021746177727712e-10
parietal,YUE206,91.0,2.4978327873209654e-11,9.859256679597005e-11
parietal,YUE206,92.0,1.551100278660655e-11,6.122385718025553e-11
parietal,YUE206,93.0,2.7353344415226404e-11,1.0796705248007647e-10
parietal,YUE206,94.0,8.75658004238055e-12,3.456331052722811e-11
parietal,YUE206,95.0,2.914030417724668e-12,1.1502040491395402e-11
parietal,YUE206,96.0,1.8658116876378632e-11,7.364590791501203e-11
parietal,YUE206,97.0,8.496756024773437e-11,3.353775281411147e-10
parietal,YUE206,98.0,1.6007854798941087e-10,6.318499386892654e-10
parietal,YUE206,99.0,1.248404640347605e-10,4.927608385823238e-10
parietal,YUE206,100.0,4.7773356028305997e-11,1.8856737805656731e-10
north_pole,YUE277,0.0,0.3089063956993015,1.0
north_pole,YUE277,1.0,0.5530752875011323,1.7904300305893048
north_pole,YUE277,2.0,0.3666896141304986,1.1870573715393222
north_pole,YUE277,3.0,0.14477890023573667,0.4686821064613653
north_pole,YUE277,4.0,0.06595010942870747,0.21349544828752987
north_pole,YUE277,5.0,0.036029954934641346,0.11663712838666492
north_pole,YUE277,6.0,0.02129374962948044,0.06893269264068069
north_pole,YUE277,7.0,0.013181467200580298,0.0426713962031771
north_pole,YUE277,8.0,0.008364284341467807,0.02707708373124733
north_pole,YUE277,9.0,0.005328692493871779,0.01725018506596051
north_pole,YUE277,10.0,0.0033485924707848344,0.010840152607408142
north_pole,YUE277,11.0,0.00209305425065013,0.006775690888211878
north_pole,YUE277,12.0,0.0013228929029068344,0.004282504089667917
north_pole,YUE277,13.0,0.0008311180404432403,0.002690517425389518
north_pole,YUE277,14.0,0.00051322103047436,0.0016614127697567788
north_pole,YUE277,15.0,0.0003029864025541166,0.0009808356407390556
north_pole,YUE277,16.0,0.00016936115437951542,0.0005482604333785841
north_pole,YUE277,17.0,0.00010557585959328587,0.0003417729806282693
north_pole,YUE277,18.0,8.89405087830138e-05,0.00028792058054243427
north_pole,YUE277,19.0,8.41060235088712e-05,0.00027227025623238456
north_pole,YUE277,20.0,8.231232414268561e-05,0.00026646364493796635
north_pole,YUE277,21.0,8.099720985723097e-05,0.000262206321995599
north_pole,YUE277,22.0,7.313122015654427e-05,0.00023674233092840308
north_pole,YUE277,23.0,5.723755051785967e-05,0.00018529092085738612
north_pole,YUE277,24.0,4.358997661888392e-05,0.00014111063165333642
north_pole,YUE277,25.0,3.3548474154284566e-05,0.00010860401280568379
north_pole,YUE277,26.0,2.5447033993966532e-05,8.237781524840107e-05
north_pole,YUE277,27.0,1.938729706473955e-05,6.276107369305397e-05
north_pole,YUE277,28.0,1.4810318126808966e-05,4.794435574336817e-05
north_pole,YUE277,29.0,1.1551959777829976e-05,3.73963114349856e-05
north_pole,YUE277,30.0,8.906071098976837e-06,2.8830970232310326e-05
north_pole,YUE277,31.0,6.813065572650001e-06,2.2055437075773718e-05
north_pole,YUE277,32.0,5.335486374759163e-06,1.7272178397862895e-05
north_pole,YUE277,33.0,4.212924156563841e-06,1.3638190128846747e-05
north_pole,YUE277,34.0,3.3842479256229883e-06,1.095557739412205e-05
north_pole,YUE277,35.0,2.7631423370010685e-06,8.944917863373706e-06
north_pole,YUE277,36.0,2.248623249866964e-06,7.279302990074182e-06
north_pole,YUE277,37.0,1.8555594803164859e-06,6.006866501147945e-06
north_pole,YUE277,38.0,1.522783201420429e-06,4.929594280407035e-06
north_pole,YUE277,39.0,1.2745324185435606e-06,4.125950243465427e-06
north_pole,YUE277,40.0,1.0650576815471984e-06,3.4478330535569637e-06
north_pole,YUE277,41.0,8.934386099459526e-07,2.8922632304954017e-06
north_pole,YUE277,42.0,7.599484435308503e-07,2.4601253133994876e-06
north_pole,YUE277,43.0,6.438803229348593e-07,2.084386506395391e-06
north_pole,YUE277,44.0,5.459090926484673e-07,1.7672314340162487e-06
north_pole,YUE277,45.0,4.3583809774238446e-07,1.4109066817983333e-06
north_pole,YUE277,46.0,3.604563608415948e-07,1.1668789182094939e-06
north_pole,YUE277,47.0,3.0387104924691283e-07,9.836994425415193e-07
north_pole,YUE277,48.0,2.423207680116154e-07,7.844472351019158e-07
north_pole,YUE277,49.0,1.8701425277496063e-07,6.05407513015709e-07
north_pole,YUE277,50.0,1.4658861570372545e-07,4.745405655065138e-07
north_pole,YUE277,51.0,1.3018484580064817e-07,4.214378452927012e-07
north_pole,YUE277,52.0,1.1624545028452028e-07,3.7631286338816044e-07
north_pole,YUE277,53.0,1.0191157519366516e-07,3.2991086171251974e-07
north_pole,YUE277,54.0,8.643664301920861e-08,2.7981499969767075e-07
north_pole,YUE277,55.0,7.194577007178902e-08,2.329047603851593e-07
north_pole,YUE277,56.0,5.410127153133207e-08,1.7513807510802018e-07
north_pole,YUE277,57.0,4.068259224750481e-08,1.3169876963993466e-07
north_pole,YUE277,58.0,3.8442411827869174e-08,1.2444679800443542e-07
north_pole,YUE277,59.0,2.983505254444778e-08,9.658282560614282e-08
north_pole,YUE277,60.0,2.3213402188988836e-08,7.514704296244302e-08
north_pole,YUE277,61.0,1.3858444739008546e-08,4.4862925895839206e-08
north_pole,YUE277,62.0,1.1745806336069086e-08,3.802383666896556e-08
north_pole,YUE277,63.0,9.724464144984772e-09,3.148029396727302e-08
north_pole,YUE277,64.0,7.258430559578638e-09,2.3497184456628104e-08
north_pole,YUE277,65.0,7.140209931103177e-09,2.311447749386732e-08
north_pole,YUE277,66.0,3.975875827616545e-09,1.2870810973712499e-08
north_pole,YUE277,67.0,3.5495576208055445e-09,1.149072233603343e-08
north_pole,YUE277,68.0,2.3412534307845516e-09,7.579167875383183e-09
north_pole,YUE277,69.0,1.7587710394537403e-09,5.6935403861491405e-09
north_pole,YUE277,70.0,1.341465659883543e-09,4.342628312524046e-09
north_pole,YUE277,71.0,1.4219218854485796e-09,4.603083345780642e-09
north_pole,YUE277,72.0,1.7518972493160797e-09,5.671288369896451e-09
north_pole,YUE277,73.0,1.8032703469608746e-09,5.837594727938979e-09
north_pole,YUE277,74.0,8.05814861288731e-10,2.6086053008534493e-09
north_pole,YUE277,75.0,5.232972333951516e-10,1.6940317218441289e-09
north_pole,YUE277,76.0,3.8460333457358603e-10,1.24504814380072e-09
north_pole,YUE277,77.0,3.885288249653537e-10,1.257755845701424e-09
north_pole,YUE277,78.0,2.8321623708008887e-10,9.168351352484777e-10
north_pole,YUE277,79.0,1.98286628663069e-10,6.418987480469229e-10
north_pole,YUE277,80.0,9.981598469117429e-11,3.231269604023935e-10
north_pole,YUE277,81.0,1.135011374635327e-10,3.6742890093482566e-10
north_pole,YUE277,82.0,1.2184056608020097e-10,3.9442552105267553e-10
north_pole,YUE277,83.0,1.217185755759866e-10,3.940306101479071e-10
north_pole,YUE277,84.0,1.1134038928160362e-10,3.60434069451853e-10
north_pole,YUE277,85.0,1.225056271693357e-10,3.965784744987483e-10
north_pole,YUE277,86.0,1.1642463987668708e-10,3.7689294070174647e-10
north_pole,YUE277,87.0,1.6976582008021164e-10,5.495704279475866e-10
north_pole,YUE277,88.0,1.0817224410851077e-10,3.5017806563580766e-10
north_pole,YUE277,89.0,1.5554371087925628e-10,5.035302377833157e-10
north_pole,YUE277,90.0,1.1395330575168826e-10,3.6889267214335614e-10
north_pole,YUE277,91.0,5.986391792269112e-11,1.9379306727259996e-10
north_pole,YUE277,92.0,2.7016056561357275e-11,8.745709683413448e-11
north_pole,YUE277,93.0,2.7384754171620766e-11,8.865065454416128e-11
north_pole,YUE277,94.0,3.3491863884967025e-11,1.0842075253621159e-10
north_pole,YUE277,95.0,3.2307557406109176e-11,1.0458688410439483e-10
north_pole,YUE277,96.0,1.0054426047526846e-10,3.254845541402813e-10
north_pole,YUE277,97.0,1.0158346317115105e-09,3.2884868874659153e-09
north_pole,YUE277,98.0,2.8603266338712982e-11,9.259525453968339e-11
north_pole,YUE277,99.0,2.1528797397104263e-11,6.969359552549058e-11
north_pole,YUE277,100.0,1.551706500676072e-11,5.023225554017173e-11
