case,tissue_id,tissue_name,voxel_count,mua_mm-1,integrated_fluence,absorbed_fraction_of_launched_energy,absorbed_percent_of_launched_energy,share_of_all_tissue_absorption_percent
fat_abs_103_existing_baseline,0,background_air,3286799,0.0,0.0,0.0,0.0,0.0
fat_abs_103_existing_baseline,1,cerebrospinal_fluid,338002,0.0125,0.07430599305451016,0.0009288249131813771,0.09288249131813771,0.15006642511148555
fat_abs_103_existing_baseline,2,gray_matter,1001274,0.08892,0.04857437894468507,0.0043192337757613965,0.43192337757613963,0.697840855419351
fat_abs_103_existing_baseline,3,white_matter,640621,0.0404,0.003440566471503342,0.00013899888544873502,0.013899888544873501,0.022457478839932106
fat_abs_103_existing_baseline,4,fat,140570,0.103,0.8946019744698344,0.09214400337039294,9.214400337039294,14.887328047536258
fat_abs_103_existing_baseline,5,muscles,668388,0.0298683333333,8.369783906663638,0.24999149565191944,24.999149565191946,40.39009885324985
fat_abs_103_existing_baseline,6,skin_and_muscles,383231,0.017675,6.242807508143226,0.11034162270643152,11.034162270643153,17.827442638073393
fat_abs_103_existing_baseline,7,skull,355103,0.0167,0.6936087529356771,0.011583266174025808,1.1583266174025808,1.871460725463344
fat_abs_103_existing_baseline,9,fat_2,170283,0.103,1.4290319166060725,0.14719028741042547,14.719028741042548,23.780930000206975
fat_abs_103_existing_baseline,10,dura,8868,0.07021,0.006097608042670027,0.0004281130606758626,0.042811306067586256,0.0691684682951841
fat_abs_103_existing_baseline,11,marrow,74917,0.0066666667,0.12561055469012086,0.0008374037021211576,0.08374037021211575,0.13529587564788528
fat_abs_103_existing_baseline,12,vessels,41081,0.4266664512,0.0024357909908468136,0.0010392702979295416,0.10392702979295416,0.1679106321563316
fat_abs_005065,0,background_air,3286799,0.0,0.0,0.0,0.0,0.0
fat_abs_005065,1,cerebrospinal_fluid,338002,0.0125,0.24194370061906967,0.003024296257738371,0.3024296257738371,0.538309925812585
fat_abs_005065,2,gray_matter,1001274,0.08892,0.14420641393433947,0.012822834327041465,1.2822834327041466,2.2824017249086253
fat_abs_005065,3,white_matter,640621,0.0404,0.009888894061522591,0.0003995113200855127,0.03995113200855127,0.07111105882111796
fat_abs_005065,4,fat,140570,0.005065,2.607411179703313,0.01320653762519728,1.320653762519728,2.3506990332281363
fat_abs_005065,5,muscles,668388,0.0298683333333,11.379812050576332,0.33989601959691806,33.989601959691804,60.499827232547
fat_abs_005065,6,skin_and_muscles,383231,0.017675,7.629134305279154,0.13484494884580903,13.484494884580903,24.001740644176277
fat_abs_005065,7,skull,355103,0.0167,2.0328668983115787,0.03394887720180336,3.394887720180336,6.0427339157539235
fat_abs_005065,9,fat_2,170283,0.005065,3.145762526089405,0.015933287194642837,1.5933287194642838,2.8360471054224305
fat_abs_005065,10,dura,8868,0.07021,0.020758833364041687,0.0014574776904893666,0.14574776904893666,0.2594238925612232
fat_abs_005065,11,marrow,74917,0.0066666667,0.4515213453045446,0.0030101423170810085,0.3010142317081009,0.5357905936784645
fat_abs_005065,12,vessels,41081,0.4266664512,0.007662366237722993,0.003269274610443965,0.32692746104439646,0.5819148730902222
fat_abs_010,0,background_air,3286799,0.0,0.0,0.0,0.0,0.0
fat_abs_010,1,cerebrospinal_fluid,338002,0.0125,0.22063312318276523,0.0027579140397845656,0.2757914039784566,0.48537914849030755
fat_abs_010,2,gray_matter,1001274,0.08892,0.13243137105356373,0.011775797514082887,1.1775797514082886,2.0724817698184372
fat_abs_010,3,white_matter,640621,0.0404,0.009076360661207018,0.0003666849707127635,0.036668497071276354,0.06453473033650373
fat_abs_010,4,fat,140570,0.01,2.3918137287167975,0.023918137287167976,2.3918137287167975,4.209473153422408
fat_abs_010,5,muscles,668388,0.0298683333333,11.038253850827292,0.32969424543409187,32.96942454340919,58.02454674165786
fat_abs_010,6,skin_and_muscles,383231,0.017675,7.4682731537470985,0.13200172799247997,13.200172799247998,23.23164732764623
fat_abs_010,7,skull,355103,0.0167,1.8682709454807838,0.031200124789529087,3.120012478952909,5.491066720961299
fat_abs_010,9,fat_2,170283,0.01,2.9447779515625507,0.029447779515625508,2.9447779515625507,5.182662671872527
fat_abs_010,10,dura,8868,0.07021,0.01884330580608762,0.0013229885006454118,0.13229885006454117,0.23283939333943138
fat_abs_010,11,marrow,74917,0.0066666667,0.4086969353040234,0.002724646248983387,0.2724646248983387,0.4795241828393509
fat_abs_010,12,vessels,41081,0.4266664512,0.007002742698453643,0.0029878353758159277,0.29878353758159276,0.525844159615663
fat_abs_030,0,background_air,3286799,0.0,0.0,0.0,0.0,0.0
fat_abs_030,1,cerebrospinal_fluid,338002,0.0125,0.16081463245235217,0.0020101829056544023,0.20101829056544024,0.3423577373067007
fat_abs_030,2,gray_matter,1001274,0.08892,0.09884516675783822,0.008789312228106975,0.8789312228106975,1.4969230105542213
fat_abs_030,3,white_matter,640621,0.0404,0.006789691256852602,0.0002743035267768451,0.02743035267768451,0.046717109422436814
fat_abs_030,4,fat,140570,0.03,1.7847423305563486,0.053542269916690456,5.354226991669045,9.118876858111257
fat_abs_030,5,muscles,668388,0.0298683333333,10.030458505170245,0.2995930781182589,29.95930781182589,51.024216775899
fat_abs_030,6,skin_and_muscles,383231,0.017675,6.999042890153506,0.12370808308346322,12.370808308346321,21.068938200534664
fat_abs_030,7,skull,355103,0.0167,1.398370445837081,0.02335278644547925,2.335278644547925,3.9772535647337737
fat_abs_030,9,fat_2,170283,0.03,2.3602714662147353,0.07080814398644206,7.080814398644206,12.059457818438482
fat_abs_030,10,dura,8868,0.07021,0.013529935019929763,0.0009499367377492685,0.09499367377492686,0.16178537346305588
fat_abs_030,11,marrow,74917,0.0066666667,0.2903197400404013,0.00193546494328,0.193546494328,0.32963239153706286
fat_abs_030,12,vessels,41081,0.4266664512,0.005144628841001434,0.0021950405303312512,0.21950405303312512,0.3738411599993509
