roi,method,metric,valid_voxel_count,mean,median,p05,p95
gray_matter,metric_first,ef_dom,728220,2.964461652776702,2.6886202588170054,1.3753952257326911,5.364765750847749
gray_matter,metric_first,non_dominant_contribution_fraction,739637,0.5986724096094225,0.6269274877389321,0.2706919051857703,0.8131653007940914
gray_matter,metric_first,n_eff,739637,4.917492315032192,4.319598239901951,1.7771945075492046,10.006067231858145
gray_matter,metric_first,ef_ref,132940,7185690.069110507,18994.76651815859,13.435145413197402,31265954.5348969
gray_matter,field_first,ef_dom,,115.383214562231,,,
gray_matter,field_first,non_dominant_contribution_fraction,,0.9913332281147301,,,
gray_matter,field_first,n_eff,,239.45234601340752,,,
gray_matter,field_first,ef_ref,,788.4337185241055,,,
white_matter,metric_first,ef_dom,423253,3.2424704580920434,3.0398912479079336,1.4019641119493367,5.752331180649589
white_matter,metric_first,non_dominant_contribution_fraction,436477,0.6283536037657736,0.6692972995018173,0.28609131876119637,0.8256460073101941
white_matter,metric_first,n_eff,436477,5.493412540924503,5.144428467129617,1.8554384807815127,10.374499222760997
white_matter,metric_first,ef_ref,71533,649730.8105689081,2091.8472573155523,13.544752101798274,1895290.5443891422
white_matter,field_first,ef_dom,,46.9896954400584,,,
white_matter,field_first,non_dominant_contribution_fraction,,0.9787187384247759,,,
white_matter,field_first,n_eff,,151.10433473573593,,,
white_matter,field_first,ef_ref,,206.2846573159356,,,
brain_total,metric_first,ef_dom,1151473,3.066650814725036,2.8056041800178657,1.385333665426835,5.557488512758293
brain_total,metric_first,non_dominant_contribution_fraction,1176114,0.6096876331181823,0.6423819933051047,0.2764743942660404,0.8195726553951985
brain_total,metric_first,n_eff,1176114,5.1312266404775135,4.605499985417685,1.8051545782976288,10.212072726896807
brain_total,metric_first,ef_ref,204473,4899144.78615747,8230.731608134402,13.475161874326147,16546741.138731003
brain_total,field_first,ef_dom,,115.99658381041868,,,
brain_total,field_first,non_dominant_contribution_fraction,,0.9913790564588146,,,
brain_total,field_first,n_eff,,239.96587084370407,,,
brain_total,field_first,ef_ref,,667.5936304461709,,,
