emitter_id,gray_matter_integrated_fluence,white_matter_integrated_fluence,brain_total_integrated_fluence,gray_matter_integrated_absorbed_energy,white_matter_integrated_absorbed_energy,brain_total_integrated_absorbed_energy
SUR1070_001,0.20440623709628844,0.0038880358223562965,0.20829427291864475,0.018175802602601966,0.00015707664722319436,0.01833287924982516
SUR1070_002,0.18432088685949902,0.0032727584581969827,0.187593645317696,0.01638981325954665,0.0001322194417111581,0.016522032701257808
SUR1070_003,0.12573927724949668,0.0017491938748058215,0.1274884711243025,0.011180736533025246,7.066743254215519e-05,0.0112514039655674
SUR1070_004,0.07080226333222663,0.0011693216175436255,0.07197158494977025,0.006295737255501591,4.7240593348762466e-05,0.006342977848850353
SUR1070_005,0.09603041205222888,0.0028259168218728358,0.09885632887410171,0.008539024239684192,0.00011416703960366256,0.008653191279287854
SUR1070_006,0.13582227265631883,0.004502796367547409,0.14032506902386624,0.01207731648459987,0.00018191297324891533,0.012259229457848785
SUR1070_007,0.17723568599783618,0.006272083069724195,0.18350776906756036,0.015759797198927592,0.00025339215601685744,0.01601318935494445
SUR1070_008,0.22517858273644792,0.0078306635498033,0.23300924628625122,0.02002287957692495,0.0003163588074120533,0.020339238384337002
SUR1070_009,0.2439148853470144,0.011399975171281109,0.2553148605182955,0.02168891160505652,0.0004605589969197568,0.02214947060197628
SUR1070_010,0.29109602778777466,0.010041301531924358,0.301137329319699,0.025884258790888924,0.00040566858188974405,0.026289927372778667
SUR1070_011,0.14421581543514556,0.005644830344142024,0.1498606457792876,0.012823670308493143,0.00022805114590333775,0.013051721454396481
SUR1070_012,0.2595645303162392,0.017089596628781803,0.276654126945021,0.02308047803571999,0.0006904197038027848,0.023770897739522776
SUR1070_013,0.31792743789480943,0.019993218019117666,0.3379206559139271,0.028270107777606454,0.0008077260079723537,0.029077833785578808
SUR1070_014,0.29556978282808094,0.017524870043292822,0.3130946528713738,0.026282065089072958,0.00070800474974903,0.026990069838821986
SUR1070_015,0.21720119273238891,0.010166977704373447,0.22736817043676236,0.01931353005776402,0.00041074589925668725,0.01972427595702071
SUR1070_016,0.18169259853291048,0.006468593289730212,0.18816119182264068,0.0161561058615464,0.0002613311689051005,0.016417437030451502
SUR1070_017,0.10312633003066367,0.004171069085760425,0.1072973991164241,0.009169993266326613,0.00016851119106472116,0.009338504457391334
SUR1070_018,0.11273258056561188,0.0031492204216090574,0.11588180098722094,0.010024181063894208,0.0001272285050330059,0.010151409568927213
SUR1070_019,0.11401462380394958,0.0040905603842543,0.11810518418820388,0.010138180348647196,0.0001652586395238737,0.01030343898817107
SUR1070_020,0.14501010761557057,0.006789548895394036,0.1517996565109646,0.012894298769176535,0.00027429777537391905,0.013168596544550455
SUR1070_021,0.10085874074459478,0.002614787222974687,0.10347352796756946,0.008968359227009368,0.00010563740380817734,0.009073996630817545
SUR1070_022,0.09097207953260478,0.0017058577887972212,0.092677937321402,0.008089237312039217,6.891665466740773e-05,0.008158153966706624
SUR1070_023,0.12284013949691738,0.0021587188020959326,0.12499885829901332,0.010922945204065894,8.721223960467568e-05,0.01101015744367057
SUR1070_024,0.15849809316711738,0.0022717520569062815,0.16076984522402366,0.014093650444420078,9.177878309901376e-05,0.014185429227519092
SUR1070_025,0.14516525843550548,0.0023055473722134504,0.14747080580771893,0.012908094780085148,9.314411383742339e-05,0.013001238893922571
SUR1070_026,0.09457046736950993,0.0033626717492160705,0.097933139118726,0.008409205958496823,0.00013585193866832925,0.008545057897165153
SUR1070_027,0.09353175836508507,0.004563156562491635,0.0980949149275767,0.008316843953823363,0.00018435152512466207,0.008501195478948025
SUR1070_028,0.12199682121948069,0.008275198642862865,0.13027201986234355,0.010847957342836223,0.00033431802517165974,0.011182275368007883
SUR1070_029,0.12649389572295755,0.016266575219615664,0.14276047094257321,0.011247837207685385,0.0006571696388724728,0.011905006846557858
SUR1070_030,0.23091749415403565,0.02944035742723302,0.2603578515812687,0.02053318358017685,0.001189390440060214,0.021722574020237063
SUR1070_031,0.1529988966040053,0.014620515235272817,0.16761941183927814,0.013604661886028152,0.0005906688155050218,0.014195330701533174
SUR1070_032,0.1578724614730774,0.04313374872738471,0.2010062102004621,0.014038019274186042,0.001742603448586342,0.015780622722772385
SUR1070_033,0.207488918557404,0.05350432429087521,0.26099324284827924,0.018449914638124364,0.0021615747013513584,0.020611489339475722
SUR1070_034,0.15674669351531162,0.024483114815137808,0.18122980833044944,0.013937915987381509,0.0009891178385315674,0.014927033825913077
SUR1070_035,0.1260183509249317,0.008758549606473577,0.13477690053140526,0.011205551764244925,0.0003538454041015325,0.011559397168346457
SUR1070_036,0.10366383371982593,0.003718650083401119,0.10738248380322706,0.009217788094366922,0.0001502334633694052,0.009368021557736327
SUR1070_037,0.16389552499285773,0.003572746513855697,0.16746827150671342,0.01457359008236491,0.00014433895915977015,0.014717929041524679
SUR1070_038,0.14762549413519105,0.002165035914268533,0.14979053004945958,0.013126858938501188,8.746745093644873e-05,0.013214326389437637
SUR1070_039,0.11431884675336544,0.0016370892832857453,0.11595593603665119,0.010165231853309255,6.613840704474411e-05,0.010231370260353999
SUR1070_040,0.16949990692753586,0.0021752789083227184,0.17167518583585858,0.015071931723996488,8.788126789623782e-05,0.015159812991892726
SUR1070_041,0.1620593563958211,0.0038301051020490553,0.16588946149787018,0.014410317970716414,0.00015473624612278184,0.014565054216839197
SUR1070_042,0.16470911761455745,0.004732342961652488,0.16944146057620993,0.014645934738286449,0.00019118665565076053,0.01483712139393721
SUR1070_043,0.1847980320281081,0.006296943291491982,0.19109497531960007,0.01643224100793937,0.00025439650897627605,0.016686637516915646
SUR1070_044,0.11665214172595617,0.0032076691746259923,0.11985981090058216,0.010372708442272022,0.0001295898346548901,0.010502298276926912
SUR1070_045,0.11199899007389992,0.004387726726949152,0.11638671680084907,0.009958950197371181,0.00017726415976874573,0.010136214357139926
SUR1070_046,0.2088626940124486,0.006309920528641545,0.21517261454109016,0.01857207075158693,0.0002549207893571184,0.01882699154094405
SUR1070_047,0.27743875745886115,0.008961627647907639,0.2864003851067688,0.024669854313241934,0.0003620497569754686,0.025031904070217402
SUR1070_048,0.24024786916398927,0.00837361156189905,0.24862148072588833,0.021362840526061924,0.00033829390710072156,0.021701134433162645
SUR1070_049,0.24169586003922663,0.011797325257840385,0.253493185297067,0.021491595874688033,0.0004766119404167516,0.021968207815104786
SUR1070_050,0.1674827992867742,0.006577464121064339,0.17406026340783853,0.014892570512579962,0.0002657295504909993,0.015158300063070961
SUR1070_051,0.07093885629103594,0.002960725290959435,0.07389958158199537,0.0063078831013989155,0.00011961330175476116,0.006427496403153677
SUR1070_052,0.20729896955153254,0.01436750507435309,0.22166647462588562,0.018433024372522273,0.0005804472050038648,0.01901347157752614
SUR1070_053,0.19905889366842733,0.012572765464859439,0.21163165913328677,0.017700316824996558,0.0005079397247803213,0.01820825654977688
SUR1070_054,0.2267044038905776,0.01272664958931034,0.23943105347988794,0.02015855559395016,0.0005141566434081377,0.0206727122373583
SUR1070_055,0.20169519547643175,0.009626469313029998,0.21132166478946174,0.01793473678176431,0.0003889093602464119,0.01832364614201072
SUR1070_056,0.17454484981961535,0.006630730973559938,0.18117558079317528,0.015520528045960196,0.0002678815313318215,0.015788409577292016
SUR1070_057,0.21432726906351812,0.00974662266660117,0.2240738917301193,0.019057980765128033,0.00039376355573068726,0.01945174432085872
SUR1070_058,0.12759919290976743,0.004325772352138318,0.13192496526190575,0.01134612023353652,0.00017476120302638805,0.011520881436562908
SUR1070_059,0.14162635180959413,0.005821605217387448,0.14744795702698157,0.01259341520290911,0.00023519285078245288,0.012828608053691563
SUR1070_060,0.16266522976343323,0.00991221790343427,0.1725774476668675,0.014464192230564483,0.00040045360329874445,0.014864645833863228
SUR1070_061,0.19032913367997242,0.006743772246109636,0.19707290592608206,0.01692406656682315,0.0002724483987428293,0.017196514965565977
SUR1070_062,0.09499746875331228,0.0027046861135244966,0.09770215486683677,0.008447174921544528,0.00010926931898638966,0.008556444240530918
SUR1070_063,0.1304909344238352,0.0029651629821445414,0.13345609740597975,0.011603253888967425,0.00011979258447863947,0.011723046473446064
SUR1070_064,0.1091749996753157,0.001762149596124785,0.11093714927144048,0.009707840971129072,7.119084368344131e-05,0.009779031814812513
SUR1070_065,0.14070910930076314,0.00231592814227822,0.14302503744304135,0.012511853999023858,9.356349694804009e-05,0.012605417495971898
SUR1070_066,0.13559974110402942,0.0033621483791911834,0.1389618894832206,0.012057528978970295,0.0001358307945193238,0.012193359773489619
SUR1070_067,0.12842142694650766,0.004625822548264717,0.13304724949477237,0.01141923328408346,0.00018688323094989456,0.011606116515033356
SUR1070_068,0.1592185201717741,0.00827776879275917,0.16749628896453328,0.014157710813674153,0.0003344218592274705,0.014492132672901623
SUR1070_069,0.1558048482432632,0.013331626085274892,0.1691364743285381,0.013854167105790965,0.0005385976938451056,0.014392764799636071
SUR1070_070,0.21258153118800324,0.02456608894218568,0.23714762013018892,0.018902749753237247,0.0009924699932643015,0.019895219746501547
SUR1070_071,0.1033208937477534,0.011202916259042994,0.11452381000679639,0.009187293872050232,0.00045259781686533693,0.009639891688915568
SUR1070_072,0.13040383718775192,0.04178121325717767,0.1721850504449296,0.0115955092027349,0.0016879610155899779,0.013283470218324878
SUR1070_073,0.1334475354832496,0.03942027947982423,0.17286781496307385,0.011866154855170556,0.001592579290984899,0.013458734146155456
SUR1070_074,0.1190774903316727,0.014957353938084823,0.1340348442697575,0.010588370440292335,0.0006042770990986268,0.011192647539390962
SUR1070_075,0.10512962006302823,0.007278784015091011,0.11240840407811924,0.00934812581600447,0.0002940628742096768,0.009642188690214146
SUR1070_076,0.13524038229119506,0.005509439624042452,0.14074982191523752,0.012025574793333065,0.00022258136081131506,0.01224815615414438
SUR1070_077,0.15182027284158894,0.003744822275534418,0.15556509511712335,0.01349985866107409,0.00015129081993159047,0.01365114948100568
SUR1070_078,0.11957778963979673,0.002032260014313663,0.1216100496541104,0.010632857054770725,8.210330457827197e-05,0.010714960359348998
SUR1070_079,0.10883898078701647,0.0020254946540373543,0.11086447544105382,0.009677962171581504,8.182998402310911e-05,0.009759792155604614
SUR1070_080,0.15133004432546665,0.003347860912989001,0.15467790523845565,0.013456267541420494,0.00013525358088475563,0.01359152112230525
SUR1070_081,0.1477959081143596,0.004480726800724022,0.15227663491508364,0.013142012149528856,0.00018102136274925046,0.013323033512278107
SUR1070_082,0.18882247271375757,0.00744273341654151,0.19626520613029907,0.016790094273707323,0.00030068643002827697,0.0170907807037356
SUR1070_083,0.1756591657923163,0.007338471840453025,0.18299763763276933,0.015619613022252765,0.0002964742623543022,0.015916087284607066
SUR1070_084,0.14649842570339366,0.005305894602640402,0.15180432030603408,0.013026640013545764,0.00021435814194667224,0.013240998155492437
SUR1070_085,0.1684067753078272,0.00591992629794254,0.17432670160576974,0.014974730460371994,0.0002391650224368786,0.015213895482808873
SUR1070_086,0.2721072630621471,0.007044985101828448,0.27915224816397555,0.02419577783148612,0.00028461739811386927,0.02448039522959999
SUR1070_087,0.21633122980457567,0.007082253511664477,0.22341348331624014,0.019236172954222867,0.00028612304187124486,0.019522295996094112
SUR1070_088,0.15359938002144663,0.006235221276396261,0.15983460129784288,0.013658056871507035,0.0002519029395664089,0.013909959811073444
SUR1070_089,0.14286790229889432,0.006726973875029057,0.14959487617392336,0.012703813872417683,0.0002717697445511739,0.012975583616968857
SUR1070_090,0.08043903720001008,0.006063825467089303,0.08650286266709939,0.007152639187824897,0.00024497854887040786,0.007397617736695305
SUR1070_091,0.12376426342264296,0.006345347401111608,0.13010961082375458,0.011005118303541412,0.00025635203500490897,0.01126147033854632
SUR1070_092,0.13622020005127602,0.007555801022223148,0.14377600107349917,0.012112700188559464,0.00030525436129781515,0.01241795454985728
SUR1070_093,0.1535515224156228,0.00741171408607945,0.16096323650170227,0.01365380137319718,0.00029943324907760977,0.013953234622274789
SUR1070_094,0.19213560513442576,0.009174522110791136,0.2013101272452169,0.01708469800855314,0.00037065069327596185,0.0174553487018291
SUR1070_095,0.21815329891567412,0.01077995363848135,0.22893325255415548,0.019398191339581743,0.0004355101269946465,0.01983370146657639
SUR1070_096,0.20441751208501943,0.008269729431739576,0.212687241516759,0.01817680517459993,0.0003340970690422789,0.018510902243642206
SUR1070_097,0.11279284903170464,0.005262217673909011,0.11805506670561365,0.010029540135899176,0.00021259359402592403,0.0102421337299251
SUR1070_098,0.1480225397683659,0.009487257618514112,0.15750979738688,0.013162164236203096,0.0003832852077879701,0.013545449443991065
SUR1070_099,0.13157745256368764,0.005125623204293213,0.13670307576798085,0.011699867081963104,0.0002070751774534458,0.01190694225941655
SUR1070_100,0.12386364425602152,0.004079921743107412,0.12794356599912893,0.011013955247245433,0.00016482883842153942,0.011178784085666972
SUR1070_101,0.16166603348477593,0.003977939504938198,0.16564397298971412,0.014375343697466276,0.00016070875599950317,0.01453605245346578
SUR1070_102,0.1536998900353638,0.0030812331352792544,0.15678112317064305,0.01366699422194455,0.00012448181866528188,0.013791476040609832
SUR1070_103,0.09866196199933017,0.002304970310579544,0.1009669323099097,0.008773021660980438,9.312080054741356e-05,0.008866142461527851
SUR1070_104,0.10166749348166519,0.0034729782420076854,0.10514047172367287,0.009040273520389669,0.0001403083209771105,0.009180581841366778
SUR1070_105,0.1347774711390165,0.006796621178397479,0.14157409231741397,0.011984412733681346,0.00027458349560725815,0.012258996229288605
SUR1070_106,0.20322884206286215,0.017046471624307207,0.22027531368716935,0.018071108636229703,0.0006886774536220111,0.018759786089851713
SUR1070_107,0.1702209775546649,0.014901907335928971,0.18512288489059386,0.015136049324160803,0.0006020370563715304,0.015738086380532333
SUR1070_108,0.0689514790208091,0.007956144923426979,0.07690762394423609,0.0061311655145303455,0.00032142825490644997,0.006452593769436795
SUR1070_109,0.12286587955898606,0.03560458752559645,0.1584704670845825,0.01092523401038504,0.0014384253360340965,0.012363659346419137
SUR1070_110,0.21250403136155274,0.038134114999027996,0.25063814636058074,0.018895858468669268,0.001540618245960731,0.02043647671463
SUR1070_111,0.13121231561242697,0.011960278906152864,0.14317259451857983,0.011667399104257006,0.0004831952678085757,0.012150594372065582
SUR1070_112,0.09686930800111326,0.00543530101393584,0.1023046090150491,0.008613618867458992,0.00021958616096300795,0.008833205028422
SUR1070_113,0.15412894788597553,0.004208695709529191,0.15833764359550473,0.013705146046020944,0.0001700313066649793,0.013875177352685923
SUR1070_114,0.10837023635021541,0.0024206802997266096,0.11079091664994202,0.009636281416261154,9.779548410895503e-05,0.00973407690037011
SUR1070_115,0.06734662940403596,0.001310104264990574,0.06865673366902654,0.005988462286606878,5.292821230561919e-05,0.006041390498912497
SUR1070_116,0.12112821914825372,0.0030472903515999213,0.12417550949985365,0.01077072124666272,0.00012311053020463682,0.010893831776867357
SUR1070_117,0.1474978439326345,0.005278887157215345,0.15277673108984982,0.01311550828248986,0.00021326704115149994,0.01332877532364136
SUR1070_118,0.11484055708459731,0.004518224185563068,0.11935878127016038,0.010211622335962393,0.00018253625709674793,0.01039415859305914
SUR1070_119,0.13152222563060292,0.005619666779167436,0.13714189240977037,0.011694956303073212,0.00022703453787836442,0.011921990840951576
SUR1070_120,0.1468890070524108,0.005095848982472828,0.15198485603488365,0.01306137050710037,0.00020587229889190223,0.013267242805992271
SUR1070_121,0.19479439471799323,0.005371565381430546,0.20016596009942378,0.01732111757832396,0.00021701124140979404,0.017538128819733753
SUR1070_122,0.2344598021120388,0.005755090912250698,0.2402148930242895,0.02084816560380249,0.00023250567285492817,0.021080671276657418
SUR1070_123,0.1764808678604757,0.006017320932950611,0.1824981887934263,0.015692678770153498,0.00024309976569120468,0.015935778535844703
SUR1070_124,0.1253695190120107,0.004998869946302753,0.13036838895831346,0.011147857630547993,0.0002019543458306312,0.011349811976378623
SUR1070_125,0.12234483182686623,0.006330696242169227,0.12867552806903546,0.010878902446044945,0.0002557601281836367,0.011134662574228581
SUR1070_126,0.06324990608790323,0.003070536597660012,0.06632044268556325,0.005624181649336355,0.0001240496785454645,0.00574823132788182
SUR1070_127,0.16400001387676874,0.00930836555684239,0.17330837943361113,0.014582881233922276,0.0003760579684964326,0.01495893920241871
SUR1070_128,0.1389904244266465,0.00709144534291329,0.14608186976955978,0.012359028540017407,0.0002864943918536969,0.012645522931871104
SUR1070_129,0.1374167271943312,0.005490677409694199,0.1429074046040254,0.01221909538211993,0.00022182336735164564,0.012440918749471576
SUR1070_130,0.20025601660198886,0.008264814926762374,0.20852083152875123,0.01780676499624885,0.0003338985230411999,0.01814066351929005
SUR1070_131,0.20181040491843313,0.00902933913230081,0.21083974405073394,0.017944981205347075,0.0003647853009449527,0.018309766506292027
SUR1070_132,0.2523458903159548,0.010990332029656137,0.26333622234561094,0.0224385965668947,0.0004440094139981079,0.022882605980892808
SUR1070_133,0.14865270192989458,0.007970358176635791,0.15662306010653038,0.013218198255606226,0.00032200247033608594,0.013540200725942312
SUR1070_134,0.12066829998883209,0.009089954653354182,0.12975825464218627,0.01072982523500695,0.00036723416799550897,0.011097059403002459
SUR1070_135,0.1096862752139003,0.006973329726331516,0.11665960494023181,0.009753303592020014,0.00028172252094379324,0.010035026112963807
SUR1070_136,0.15112708043397266,0.007428614020943264,0.15855569445491594,0.013438219992188848,0.0003001160064461078,0.013738335998634955
SUR1070_137,0.16404903610465854,0.006238378183786684,0.17028741428844524,0.014587240290426236,0.000252030478624982,0.014839270769051218
SUR1070_138,0.13744312743256393,0.00455052864497049,0.14199365607753442,0.012221442891303584,0.00018384135725680779,0.012405284248560392
SUR1070_139,0.11181699771010536,0.0034178215232376677,0.11523481923334303,0.009942767436382569,0.00013807998953880177,0.010080847425921372
SUR1070_140,0.11821758803182421,0.004246003593508841,0.12246359162533305,0.010511907927789808,0.00017153854517775716,0.010683446472967565
SUR1070_141,0.14611599293512295,0.006113373165227174,0.15222936610035012,0.012992634091791133,0.00024698027587517784,0.01323961436766631
SUR1070_142,0.15968604939295988,0.00975974271633758,0.16944579210929747,0.014199283512021993,0.0003942936057400382,0.014593577117762031
SUR1070_143,0.10828265871817117,0.007064860074263962,0.11534751879243513,0.00962849401321978,0.00028542034700026407,0.009913914360220044
SUR1070_144,0.062144991801707856,0.006856417193571223,0.06900140899527908,0.005525932671007863,0.0002769992546202774,0.00580293192562814
SUR1070_145,0.16597290459869124,0.02754792906452099,0.19352083366321224,0.014758310676915624,0.001112936334206648,0.01587124701112227
SUR1070_146,0.13548235778440992,0.017551326895346997,0.15303368467975692,0.012047091254189731,0.0007090736065720187,0.01275616486076175
SUR1070_147,0.12346597856386539,0.008985686198051561,0.13245166476191694,0.01097859481389891,0.00036302172240128305,0.011341616536300192
SUR1070_148,0.09690569343151868,0.004695827948987152,0.10160152138050584,0.008616854259930641,0.00018971144913908095,0.008806565709069722
SUR1070_149,0.11177943527919097,0.003805249361838574,0.11558468464102954,0.009939427385025661,0.00015373207421827837,0.010093159459243939
SUR1070_150,0.12709410905667495,0.00414109390382915,0.13123520296050412,0.011301208177319536,0.00016730019371469763,0.011468508371034233
SUR1070_151,0.0987096847969891,0.002467227717331216,0.10117691251432032,0.00877726517214827,9.967599978018113e-05,0.008876941171928452
SUR1070_152,0.10175223550812044,0.003093760674473807,0.10484599618259426,0.00904780878138207,0.00012498793124874182,0.00917279671263081
SUR1070_153,0.1199001206001674,0.006206178992926935,0.12610629959309433,0.010661518723766885,0.00025072963131424816,0.010912248355081134
SUR1070_154,0.11008812047607677,0.005362404612911358,0.11545052508898813,0.009789035672732746,0.00021664114636161887,0.010005676819094365
SUR1070_155,0.18763366147312716,0.006618714983190709,0.19425237645631788,0.016684385178190465,0.0002673960853209046,0.01695178126351137
SUR1070_156,0.2313609533208189,0.00708039831538924,0.23844135163620814,0.020572615969287215,0.0002860480919417253,0.02085866406122894
SUR1070_157,0.1561277105699275,0.005210495207061898,0.1613382057769894,0.013882876023877952,0.00021050400636530068,0.014093380030243253
SUR1070_158,0.1630237225614346,0.0052088171719089985,0.1682325397333436,0.014496069410162765,0.00021043621374512353,0.014706505623907889
SUR1070_159,0.1318005683526511,0.004624218160419023,0.13642478651307013,0.011719706537917736,0.00018681841368092851,0.011906524951598664
SUR1070_160,0.10115565418941355,0.003760545888330332,0.10491620007774388,0.008994760770522654,0.0001519260538885454,0.009146686824411198
SUR1070_161,0.06263971821214445,0.0021062528726394814,0.06474597108478393,0.005569923743423885,8.509261605463504e-05,0.00565501635947852
SUR1070_162,0.10201628862956277,0.004086328942685396,0.10610261757224818,0.009071288384940722,0.00016508768928448999,0.009236376074225212
SUR1070_163,0.09533718084977826,0.0038066797946802863,0.09914386064445854,0.008477382121162282,0.00015378986370508357,0.008631171984867365
SUR1070_164,0.15449143292627956,0.006668611957871265,0.16116004488415084,0.013737378215804778,0.0002694119230979991,0.014006790138902778
SUR1070_165,0.14344700578258052,0.007241966964102227,0.15068897274668275,0.012755307754187059,0.00029257546534972994,0.01304788321953679
SUR1070_166,0.14122703955182533,0.0073904738385183215,0.14861751339034365,0.012557908356948309,0.00029857514307614016,0.012856483500024449
SUR1070_167,0.20074354793856133,0.011112046655071987,0.21185559459363332,0.017850116282696872,0.00044892668486490827,0.01829904296756178
SUR1070_168,0.143130707116581,0.016027400517545407,0.1591581076341264,0.012727182476806381,0.0006475069809088344,0.013374689457715215
SUR1070_169,0.12414125033259657,0.01731294612320646,0.14145419645580304,0.011038639979574487,0.000699443023377541,0.011738083002952027
SUR1070_170,0.12259025437296853,0.01159624844583104,0.13418650281879957,0.010900725418844362,0.000468488437211574,0.011369213856055936
SUR1070_171,0.09195150795126818,0.00551202756911229,0.09746353552038046,0.008176328087026766,0.00022268591379213652,0.008399014000818902
SUR1070_172,0.1325554627668866,0.006528427812516568,0.13908389057940315,0.011786831749231556,0.0002637484836256693,0.012050580232857225
SUR1070_173,0.11949336050522835,0.00561049658200739,0.12510385708723573,0.010625349616124906,0.00022666406191309855,0.010852013678038005
SUR1070_174,0.0896764435598191,0.004159972405610927,0.09383641596543003,0.007974029361339114,0.00016806288518668146,0.008142092246525795
SUR1070_175,0.11407884395142881,0.006016968927180635,0.12009581287860945,0.01014389080416105,0.00024308554465809766,0.010386976348819146
SUR1070_176,0.06719924046925474,0.003270624997059916,0.07046986546631466,0.005975356462526131,0.0001321332498812206,0.006107489712407352
SUR1070_177,0.04662046004121491,0.0035821470910298147,0.050202607132244725,0.00414549130686483,0.0001447187424776045,0.004290210049342435
SUR1070_178,0.128329660962558,0.011448242321815667,0.13977790328437364,0.011411073452790656,0.00046250898980135295,0.011873582442592009
SUR1070_179,0.13827353212051946,0.01185464122601531,0.15012817334653478,0.012295282476156591,0.0004789275055310185,0.01277420998168761
SUR1070_180,0.11535843090204986,0.007366152867405378,0.12272458376945525,0.010257671675810274,0.0002975925758431773,0.010555264251653452
SUR1070_181,0.1278339986712686,0.007598600526717845,0.13543259919798645,0.011366999161849203,0.00030698346127940095,0.011673982623128604
SUR1070_182,0.11726696185227302,0.004807073439239871,0.1220740352915129,0.010427378247904117,0.0001942057669452908,0.010621584014849408
SUR1070_183,0.16515930750335092,0.006105376103085547,0.17126468360643646,0.014685965623197964,0.0002466571945646561,0.014932622817762621
SUR1070_184,0.11788825811141641,0.005250081543109487,0.1231383396545259,0.010482623911267147,0.00021210329434162328,0.01069472720560877
SUR1070_185,0.1762204955392458,0.014959707480187344,0.19118020301943314,0.015669526463349737,0.0006043721821995686,0.016273898645549307
SUR1070_186,0.23713426885441108,0.013912517510134873,0.25104678636454597,0.021085979186534234,0.0005620657074094489,0.02164804489394368
SUR1070_187,0.20705439406810017,0.00783164417864718,0.21488603824674735,0.018411276720535465,0.0003163984248173461,0.018727675145352812
SUR1070_188,0.15702223474959845,0.00602331675651705,0.1630455515061155,0.013962417113934294,0.00024334199696328883,0.014205759110897583
SUR1070_189,0.10674755906926252,0.0037769808327595164,0.11052453990202203,0.009491992952438823,0.00015259002564348446,0.009644582978082308
SUR1070_190,0.09603901018650517,0.0030836713392148737,0.09912268152572004,0.00853978878578404,0.0001245803221042809,0.008664369107888321
SUR1070_191,0.08684188775557262,0.0028367088534637453,0.08967859660903638,0.007721980659225518,0.0001146030376799353,0.007836583696905453
SUR1070_192,0.06648978237519283,0.0020545421614355103,0.06854432453662834,0.005912271448802147,8.300350332199462e-05,0.005995274952124141
SUR1070_193,0.0676587156552096,0.002922585287968053,0.07058130094317766,0.006016212996061238,0.00011807244563390935,0.006134285441695147
SUR1070_194,0.0867595364510755,0.004148251677067064,0.09090778812814256,0.007714657981229633,0.0001675893677535094,0.007882247348983143
SUR1070_195,0.08404714599312149,0.003980302151206013,0.0880274481443275,0.007473472221708363,0.00016080420690872292,0.007634276428617086
SUR1070_196,0.09766202119290052,0.0054330540753540005,0.10309507526825451,0.008684106924472714,0.00021949538464430162,0.008903602309117015
SUR1070_197,0.08579141124249066,0.004942978212125432,0.0907343894546161,0.00762857228768227,0.00019969631976986743,0.007828268607452137
SUR1070_198,0.14659775497154012,0.01535441235814396,0.1619521673296841,0.013035472372069347,0.000620318259269016,0.013655790631338363
SUR1070_199,0.14044146272206115,0.022533638522198193,0.16297510124425935,0.012488054865245677,0.000910358996296807,0.013398413861542485
SUR1070_200,0.12273289096393719,0.0169509849534526,0.1396838759173898,0.010913408664513295,0.000684819792119485,0.011598228456632779
SUR1070_201,0.12148861433710076,0.011732742827810266,0.13322135716491101,0.010802767586855,0.0004740028102435347,0.011276770397098535
SUR1070_202,0.1063529478894591,0.008291388516796883,0.11464433640625599,0.009456904126330703,0.0003349720960785941,0.009791876222409297
SUR1070_203,0.08581250945417454,0.00539031924676578,0.09120282870094032,0.0076304483406652,0.0002177688975693375,0.007848217238234537
SUR1070_204,0.06008586382020692,0.003059840202895017,0.06314570402310193,0.0053428350108927995,0.00012361754419695867,0.005466452555089758
SUR1070_205,0.034771984466300414,0.0015966900592363203,0.036368674525536736,0.003091924858743433,6.450627839314734e-05,0.00315643113713658
SUR1070_206,0.03726881444922637,0.0026064297195145534,0.03987524416874092,0.0033139429808252087,0.00010529976066838795,0.0034192427414935964
SUR1070_207,0.07923621093661662,0.005872443025513786,0.08510865396213041,0.007045683876483949,0.00023724669823075694,0.007282930574714706
SUR1070_208,0.081796650779625,0.005176167380819433,0.08697281816044443,0.007273358187324255,0.0002091171621851051,0.0074824753495093595
SUR1070_209,0.09466479913630636,0.005543177652074672,0.10020797678838103,0.00841759393920036,0.00022394437714381673,0.008641538316344177
SUR1070_210,0.14988745665129896,0.00911879641835443,0.15900625306965338,0.013327992645433504,0.0003683993753015189,0.013696392020735023
SUR1070_211,0.1620567513497347,0.010872205714250054,0.17292895706398476,0.014410086330018411,0.00043923711085570215,0.014849323440874113
SUR1070_212,0.10168095942291798,0.008019797265336954,0.10970075668825494,0.009041470911885867,0.0003239998095196129,0.00936547072140548
SUR1070_213,0.14930732548308004,0.019690780645799363,0.1689981061288794,0.013276407381955476,0.0007955075380902942,0.01407191492004577
SUR1070_214,0.18402316746889152,0.012163298672114119,0.19618646614100566,0.016363340051333834,0.0004913972663534104,0.016854737317687243
SUR1070_215,0.15861427476105672,0.0071867902789376084,0.16580106503999434,0.014103981311753163,0.0002903463272690794,0.014394327639022243
SUR1070_216,0.10283952918464087,0.004208105711601121,0.10704763489624199,0.009144490935098266,0.00017000747074868527,0.00931449840584695
SUR1070_217,0.09741556156175432,0.0036067872590417275,0.10102234882079605,0.008662191734071194,0.00014571420526528577,0.00880790593933648
SUR1070_218,0.062478252173014434,0.00207886622694131,0.06455711839995575,0.005555566183224443,8.398619556842892e-05,0.005639552378792872
SUR1070_219,0.05891725870799473,0.0018268236886533075,0.06074408239664804,0.005238922644314891,7.380367702159362e-05,0.0053127263213364855
SUR1070_220,0.05230467193012613,0.0024367958654665347,0.05474146779559267,0.004650931428026816,9.8446552964848e-05,0.004749377980991664
SUR1070_221,0.060062783197493405,0.0031496103348075243,0.06321239353230093,0.005340782681921114,0.00012724425752622397,0.005468026939447338
SUR1070_222,0.09020090016543592,0.004471572526531315,0.09467247269196723,0.008020664042710561,0.00018065153007186513,0.008201315572782426
SUR1070_223,0.10099083016156257,0.005625032346763546,0.10661586250832612,0.008980104617966144,0.00022725130680924726,0.009207355924775392
SUR1070_224,0.1647456684642321,0.013990004917544898,0.178735673381777,0.014649184839839518,0.0005651961986688138,0.015214381038508333
SUR1070_225,0.16845182371662756,0.024501790053599905,0.19295361377022746,0.014978736164882522,0.0009898723181654362,0.015968608483047958
SUR1070_226,0.16853541896589658,0.027491065972560718,0.19602648493845728,0.014986169454447524,0.0011106390652914529,0.016096808519738978
SUR1070_227,0.11550150397464712,0.015647507520069836,0.13114901149471694,0.010270393733425622,0.0006321593038108213,0.010902553037236442
SUR1070_228,0.10509057572888637,0.011052380088136353,0.11614295581702272,0.009344653993812577,0.0004465161555607086,0.009791170149373286
SUR1070_229,0.09472311945575071,0.007280377911284365,0.10200349736703507,0.008422779782005353,0.0002941272676158883,0.00871690704962124
SUR1070_230,0.03147621265357979,0.0019041496192476492,0.03338036227282744,0.002798864829156315,7.692764461760503e-05,0.00287579247377392
SUR1070_231,0.03008599830276275,0.0021920197930724657,0.03227801809583522,0.002675246969081664,8.85575996401276e-05,0.0027638045687217914
SUR1070_232,0.06698624821711752,0.004970689569699762,0.07195693778681728,0.00595641719146609,0.00020081585861587037,0.00615723305008196
SUR1070_233,0.09796333592245693,0.00831820810598671,0.10628154402844364,0.008710899830224871,0.0003360556074818631,0.009046955437706734
SUR1070_234,0.12337061353713444,0.013567743651155892,0.13693835718829034,0.010970114955721994,0.000548136843506698,0.011518251799228692
SUR1070_235,0.12623532029944035,0.019068717694568128,0.14530403799400848,0.011224844681026235,0.0007703761948605523,0.011995220875886788
SUR1070_236,0.1255113624640018,0.02077174508665916,0.14628310755066096,0.01116047035029904,0.00083917850150103,0.01199964885180007
SUR1070_237,0.12386913898622184,0.021851966864233886,0.14572110585045572,0.011014443838654846,0.000882819461315049,0.011897263299969894
SUR1070_238,0.15081247726274508,0.011868670950154666,0.16268114821289975,0.013410245478203292,0.0004794943063862485,0.01388973978458954
SUR1070_239,0.14841237090759743,0.00707083364502493,0.15548320455262235,0.013196828021103564,0.00028566167925900716,0.013482489700362572
SUR1070_240,0.11022461515931542,0.0043422078239880825,0.1145668229833035,0.009801172779966326,0.00017542519608911852,0.009976597976055445
SUR1070_241,0.07689399554856467,0.002780387319507415,0.07967438286807209,0.006837414084178371,0.00011232764770809955,0.00694974173188647
SUR1070_242,0.045679959350573944,0.0014884065016194626,0.04716836585219341,0.004061861985453035,6.0131622665426284e-05,0.004121993608118461
SUR1070_243,0.04535413094096991,0.001966228743955264,0.04732035968492518,0.004032889323271045,7.943564125579266e-05,0.004112324964526837
SUR1070_244,0.03832260057749743,0.002086091622660531,0.04040869220015796,0.0034076456433510716,8.427810155548545e-05,0.003491923744906557
SUR1070_245,0.13019673065398235,0.00782724868581791,0.13802397933980026,0.011577093289752111,0.00031622084690704355,0.011893314136659155
SUR1070_246,0.16672417523440833,0.013287475731135829,0.18001165096554417,0.014825113661843588,0.0005368140195378875,0.015361927681381475
SUR1070_247,0.14720713545517847,0.023167250315642797,0.17037438577082126,0.01308965848467447,0.000935956912751969,0.014025615397426439
SUR1070_248,0.15593721402127744,0.03200390866502479,0.18794112268630223,0.01386593707077199,0.0012929579100670015,0.015158894980838993
SUR1070_249,0.11742464957920479,0.020737133709510594,0.13816178328871537,0.01044139984058289,0.000837780201864228,0.011279180042447118
SUR1070_250,0.08539414784133481,0.011585256624580272,0.09697940446591508,0.007593247626051491,0.00046804436763304297,0.008061291993684534
SUR1070_251,0.028607469209168086,0.0031399790350039353,0.03174744824417202,0.002543776162079226,0.00012685515301415898,0.002670631315093385
SUR1070_252,0.05003538459019512,0.005480364157649102,0.05551574874784422,0.00444914639776015,0.0002214067119690237,0.004670553109729174
SUR1070_253,0.09571534603079751,0.012862772062952678,0.10857811809375019,0.008511008569058514,0.0005196559913432881,0.009030664560401802
SUR1070_254,0.09179932030061887,0.017052979942048473,0.10885230024266734,0.00816279556113103,0.0006889403896587582,0.008851735950789787
SUR1070_255,0.1172844570937097,0.027774729128640742,0.14505918622235045,0.010428933924772666,0.001122099056797086,0.011551032981569752
SUR1070_256,0.0968198170536366,0.025243118012573323,0.12206293506620992,0.008609218132409367,0.0010198219677079621,0.00962904010011733
SUR1070_257,0.1580485378895601,0.031037302467786063,0.18908584035734616,0.014053675989139685,0.0012539070196985569,0.015307583008838242
SUR1070_258,0.1685730739987597,0.014762166463012172,0.18333524046177188,0.014989517739969713,0.0005963915251056917,0.015585909265075405
SUR1070_259,0.13647241047526998,0.006701013488927862,0.14317342396419785,0.012135126739461006,0.0002707209449526856,0.012405847684413692
SUR1070_260,0.03494117754012156,0.0013622818289512628,0.036303459369072824,0.0031069695068676093,5.503618588963101e-05,0.0031620056927572403
SUR1070_261,0.03955857777591731,0.002061479898169691,0.041620057674086997,0.003517548735834567,8.328378788605552e-05,0.0036008325237206224
SUR1070_262,0.09398752637195579,0.0073721639339003175,0.1013596903058561,0.008357370844994308,0.0002978354229295728,0.008655206267923881
SUR1070_263,0.12551375805741738,0.026452598009440532,0.1519663560668579,0.011160683366465553,0.0010686849595813975,0.01222936832604695
SUR1070_264,0.12408845536213088,0.030487838367503357,0.15457629372963425,0.011033945450800678,0.0012317086700471356,0.012265654120847813
SUR1070_265,0.04131622512775428,0.007891482010956736,0.04920770713871101,0.00367383873835991,0.0003188158732426521,0.003992654611602562
SUR1070_266,0.06506011760058349,0.01064322899951273,0.07570334660009621,0.005785145657043884,0.0004299864515803143,0.006215132108624198
SUR1070_267,0.12651941728469066,0.030695447844877568,0.15721486512956823,0.011250106584954693,0.0012400960929330536,0.012490202677887747
SUR1070_268,0.11927211552231945,0.03470146393962238,0.15397357946194185,0.010605676512244646,0.0014019391431607442,0.012007615655405389
SUR1070_269,0.12731652982612088,0.023392257477799563,0.15070878730392046,0.01132098583213867,0.0009450472021031023,0.012266033034241772
SUR1070_270,0.14871255696457242,0.013815021603261713,0.16252757856783412,0.01322352056528978,0.0005581268727717732,0.013781647438061553
SUR1070_271,0.07644546834185169,0.0049464270521779015,0.08139189539402959,0.006797531044957452,0.0001998356529079872,0.006997366697865439
SUR1070_272,0.01701376651453857,0.0015516478062815578,0.01856541432082013,0.0015128641184727696,6.268657137377493e-05,0.0015755506898465445
SUR1070_273,0.02493904058562052,0.005323591921291563,0.030262632506912083,0.0022175794888733766,0.00021507311362017913,0.002432652602493556
SUR1070_274,0.024306781889816016,0.005894545703149202,0.03020132759296522,0.00216135904564244,0.00023813964640722777,0.002399498692049668
SUR1070_275,0.046527043326490616,0.012187779429973754,0.05871482275646437,0.004137184692591545,0.0004923862889709397,0.004629570981562485
SUR1070_276,0.10352427360360954,0.029760332125332318,0.13328460572894185,0.00920537840883296,0.0012023174178634256,0.010407695826696386
SUR1070_277,0.0347791023355164,0.006819932265177614,0.041599034600694015,0.003092557779674118,0.0002755252635131756,0.0033680830431872936
