tissue_id,tissue_name,baseline_mua_mm-1,counterfactual_mua_mm-1,baseline_integrated_fluence,counterfactual_integrated_fluence,fluence_change_percent,baseline_absorbed_percent,counterfactual_absorbed_percent,absorption_change_percent
0,background_air,0.0,0.0,0.0,0.0,,0.0,0.0,
1,cerebrospinal_fluid,0.0125,0.0019858,0.22063312318276523,0.3683695106411039,66.9602031314032,0.2757914039784566,0.0731508174231104,-73.47603428973277
2,gray_matter,0.08892,0.0801196146,0.13243137105356373,0.23120647556057872,74.5858807631494,1.1775797514082886,1.8524173714937884,57.307169155927596
3,white_matter,0.0404,0.0331346878,0.009076360661207018,0.018226005805253048,100.80742144979138,0.036668497071276354,0.06039130121980473,64.69532716984803
4,fat,0.01,0.00838817314,2.3918137287167975,2.9716821987443662,24.243880828406606,2.3918137287167975,2.4926984800123635,4.217918397420117
5,muscles,0.0298683333333,0.0216073263933,11.038253850827292,13.189321565943043,19.487391250333786,32.96942454340919,28.498597598152198,-13.560524659356666
6,skin_and_muscles,0.017675,0.01031506,7.4682731537470985,8.739531136666274,17.022114172154247,13.200172799247998,9.014878804658082,-31.706357623048298
7,skull,0.0167,0.014912586,1.8682709454807838,2.6131483829755084,39.86988286129112,3.120012478952909,3.8968799991883207,24.89950041790001
9,fat_2,0.01,0.00838817314,2.9447779515625507,3.6543546100016115,24.096100626621,2.9447779515625507,3.0653359183650695,4.093957805495951
10,dura,0.07021,0.06285006,0.01884330580608762,0.02894555632852808,53.61188013611058,0.13229885006454117,0.18192299519813696,37.50912809097506
11,marrow,0.0066666667,0.00505483984,0.4086969353040234,0.5810621210682421,42.17432793715441,0.2724646248983387,0.2937175959090653,7.800268023291634
12,vessels,0.4266664512,0.4182550912,0.007002742698453643,0.011169028757164398,59.495061265506166,0.29878353758159276,0.4671503141443218,56.350754102960195
