emitter_id,layer,within_layer,elevation_rad,azimuth_rad,first_density_tier,x_mm,y_mm,z_mm,nx_inward,ny_inward,nz_inward
YUE001,1,1,0.0,0.0,13,85.61800180759725,-20.619122642780468,1.0577893460189465,-0.9959527330119943,-0.0,0.08987854919801104
YUE002,1,2,0.0,0.15707963267948966,181,84.57574618686151,-7.322193114360845,1.1518464432889166,-0.9836909021798089,-0.15643446504023087,0.08877199511248197
YUE003,1,3,0.0,0.3141592653589793,53,83.60585962455413,6.342610116433693,1.2393726824541078,-0.9472073366530245,-0.3090169943749474,0.08547957988992294
YUE004,1,4,0.0,0.47123889803846897,229,82.82470482381885,21.261500958192727,1.3098670521786824,-0.8874003828969226,-0.4539904997395468,0.08008237372001303
YUE005,1,5,0.0,0.6283185307179586,13,77.70901040031139,35.3674226380776,1.7715267049763508,-0.8057426866008781,-0.5877852522924731,0.07271327373095574
YUE006,1,6,0.0,0.7853981633974483,229,70.85832892854283,49.56122538998437,2.3897581644534913,-0.7042449312540563,-0.7071067811865475,0.06355373162112235
YUE007,1,7,0.0,0.9424777960769379,105,60.966168167173144,62.30511928065165,3.2824642419563608,-0.5854063284448332,-0.8090169943749475,0.05282928571603438
YUE008,1,8,0.0,1.0995574287564276,229,48.325054524427166,72.71381076595107,4.423246245758051,-0.4521530789770828,-0.8910065241883679,0.040804007466270484
YUE009,1,9,0.0,1.2566370614359172,105,33.73913259168257,80.6683963426534,5.739535120297186,-0.30776632009488103,-0.9510565162951536,0.02777399913195022
YUE010,1,10,0.0,1.413716694115407,181,17.710662798442126,85.55737397119684,7.186004980893719,-0.15580133299408727,-0.9876883405951378,0.014060102762382932
YUE011,1,11,0.0,1.5707963267948966,13,0.9620195015777492,87.63087735721953,8.697466027849885,-6.098451632925986e-17,-1.0,5.5034738793676065e-18
YUE012,1,12,0.0,1.727875959474386,181,-15.630822462292517,84.56968563060171,10.194866972043664,0.15580133299408694,-0.9876883405951378,-0.014060102762382903
YUE013,1,13,0.0,1.8849555921538759,53,-31.199560948337307,78.76628331006309,11.599848937138681,0.30776632009488086,-0.9510565162951536,-0.027773999131950205
YUE014,1,14,0.0,2.0420352248333655,229,-45.383671093573234,70.70904608652724,12.879876793142607,0.4521530789770827,-0.8910065241883679,-0.04080400746627047
YUE015,1,15,0.0,2.199114857512855,13,-57.28591017868315,59.87806829752681,13.953979956595305,0.5854063284448331,-0.8090169943749475,-0.05282928571603437
YUE016,1,16,0.0,2.356194490192345,181,-65.9412489675576,46.55602156994155,14.735070531856508,0.7042449312540562,-0.7071067811865476,-0.06355373162112234
YUE017,1,17,0.0,2.5132741228718345,105,-73.7706146806537,33.89795950734643,15.441622166396026,0.805742686600878,-0.5877852522924732,-0.07271327373095572
YUE018,1,18,0.0,2.670353755551324,181,-78.68216486342105,20.12652470884386,15.884859069221054,0.8874003828969225,-0.45399049973954686,-0.08008237372001303
YUE019,1,19,0.0,2.827433388230814,105,-80.73461328474562,6.033593122058754,16.070079793355738,0.9472073366530245,-0.3090169943749475,-0.08547957988992294
YUE020,1,20,0.0,2.9845130209103035,229,-81.66801628152619,-7.478627579401065,16.15431361729837,0.9836909021798088,-0.15643446504023098,-0.08877199511248196
YUE021,1,21,0.0,3.141592653589793,13,-83.69396280444177,-20.619122642780457,16.337142709680823,0.9959527330119943,-1.2246467991473532e-16,-0.08987854919801104
YUE022,1,22,0.0,3.2986722862692828,229,-84.61908898806563,-34.22892110128054,16.420629602635817,0.9836909021798089,0.15643446504023073,-0.08877199511248197
YUE023,1,23,0.0,3.455751918948772,53,-81.68182062139866,-47.58085540199458,16.155559373245666,0.9472073366530247,0.3090169943749469,-0.08547957988992297
YUE024,1,24,0.0,3.612831551628262,181,-76.68551400190299,-60.3432913699908,15.704673728351025,0.8874003828969226,0.4539904997395467,-0.08008237372001303
YUE025,1,25,0.0,3.7699111843077517,13,-70.7490796059004,-72.93201009681056,15.168947389904945,0.8057426866008781,0.587785252292473,-0.07271327373095574
YUE026,1,26,0.0,3.9269908169872414,229,-64.00457540660896,-85.84972320723948,14.560297769898423,0.7042449312540564,0.7071067811865475,-0.06355373162112235
YUE027,1,27,0.0,4.084070449666731,105,-54.212526954347794,-96.86897436261926,13.676626206586125,0.5854063284448333,0.8090169943749473,-0.05282928571603439
YUE028,1,28,0.0,4.241150082346221,229,-42.105561270989405,-105.4874940717225,12.58404773901215,0.4521530789770829,0.8910065241883678,-0.04080400746627049
YUE029,1,29,0.0,4.39822971502571,105,-28.814371967602003,-112.63384059433658,11.38460044386607,0.3077663200948811,0.9510565162951535,-0.027773999131950226
YUE030,1,30,0.0,4.5553093477052,229,-14.03385879910317,-115.68412542506248,10.050750918729243,0.1558013329940874,0.9876883405951378,-0.014060102762382945
YUE031,1,31,0.0,4.71238898038469,13,0.9620195015777251,-116.61912264278047,8.697466027849886,1.8295354898777958e-16,1.0,-1.6510421638102818e-17
YUE032,1,32,0.0,4.869468613064179,181,15.957897802258618,-115.68412542506248,7.34418113697053,-0.15580133299408702,0.9876883405951378,0.01406010276238291
YUE033,1,33,0.0,5.026548245743669,105,30.738410970757457,-112.63384059433659,6.010331611833703,-0.30776632009488075,0.9510565162951536,0.027773999131950194
YUE034,1,34,0.0,5.183627878423159,229,44.707829892610484,-106.82400385800506,4.749678305488217,-0.45215307897708257,0.8910065241883679,0.04080400746627046
YUE035,1,35,0.0,5.340707511102648,105,56.13656595750325,-96.86897436261927,3.718305849113646,-0.585406328444833,0.8090169943749476,0.05282928571603436
YUE036,1,36,0.0,5.497787143782138,229,65.92861440976442,-85.84972320723949,2.83463428580135,-0.7042449312540561,0.7071067811865477,0.06355373162112232
YUE037,1,37,0.0,5.654866776461628,13,72.8745542807061,-73.07895640988372,2.2078063473620864,-0.805742686600878,0.5877852522924734,0.07271327373095572
YUE038,1,38,0.0,5.811946409141117,229,79.71880348367961,-60.91077949466526,1.590155360198728,-0.8874003828969225,0.45399049973954697,0.08008237372001303
YUE039,1,39,0.0,5.969026041820607,53,85.50027429786017,-48.19888939074455,1.0684135226742617,-0.9472073366530245,0.3090169943749477,0.08547957988992294
YUE040,1,40,0.0,6.126105674500097,181,86.54312799122111,-34.22892110128058,0.9743024530639541,-0.9836909021798088,0.15643446504023112,0.08877199511248196
YUE041,2,1,0.157,0.0,277,85.52186927457693,-20.619122642780468,14.371468703898838,-0.9977563395044151,-0.0,-0.06694988408317348
YUE042,2,2,0.157,0.15707963267948966,105,84.74187165451019,-7.48573477970473,14.481106444645913,-0.9856453194462641,-0.15451044544794987,-0.06804282843289446
YUE043,2,3,0.157,0.3141592653589793,277,82.62852016064171,5.629481817904928,14.828814490430679,-0.9496104727798136,-0.3052163309382023,-0.07129474956489296
YUE044,2,4,0.157,0.47123889803846897,105,81.77844255639606,20.073792406798518,15.651236903596427,-0.8905390970227913,-0.448406777405829,-0.07662557438839165
YUE045,2,5,0.157,0.6283185307179586,277,76.88880626654569,33.807998685683664,16.563469806372645,-0.8098857254929914,-0.5805559608369507,-0.0839040403042428
YUE046,2,6,0.157,0.7853981633974483,105,68.90969636319453,46.253628131499994,17.59751731929089,-0.7096363118706713,-0.6984099297574983,-0.09295092732575463
YUE047,2,7,0.157,0.9424777960769379,277,59.15149861787297,57.88918341443845,18.870612060434247,-0.5922593294279412,-0.7990667283177497,-0.10354347106956094
YUE048,2,8,0.157,1.0995574287564276,53,48.062969629323895,69.36577023203037,20.4992477311517,-0.46064498902441225,-0.8800478520763896,-0.115420847954052
YUE049,2,9,0.157,1.2566370614359172,277,34.27608859844283,77.77876162354976,22.13590612033015,-0.31803407252377175,-0.9393592770055391,-0.12829059754157773
YUE050,2,10,0.157,1.413716694115407,105,18.931399838375302,83.7637171680912,23.873899183549508,-0.16793813398876223,-0.975540558980109,-0.1418358238850432
YUE051,2,11,0.157,1.5707963267948966,277,2.4727206099201515,85.55871279382222,25.437688372818048,-0.0140530335659759,-0.9877007947590948,-0.15572299855784338
YUE052,2,12,0.157,1.727875959474386,105,-13.825221568529937,82.54429146936606,26.63374184699044,0.1398320668568102,-0.975540558980109,-0.16961017323064354
YUE053,2,13,0.157,1.8849555921538759,277,-29.4079390632154,77.77876162354977,27.8829941332378,0.28992800539182,-0.9393592770055392,-0.183155399574109
YUE054,2,14,0.157,2.0420352248333655,105,-42.940681070507,68.70573434297307,28.594018667755815,0.4325389218924605,-0.8800478520763896,-0.19602514916163477
YUE055,2,15,0.157,2.199114857512855,277,-54.04292357228123,57.28988336820014,28.967962317347155,0.5641532622959895,-0.7990667283177498,-0.20790252604612586
YUE056,2,16,0.157,2.356194490192345,105,-62.931440942677206,44.856808271985,29.181378820656022,0.6815302447387195,-0.6984099297574984,-0.21849506978993213
YUE057,2,17,0.157,2.5132741228718345,277,-69.78903958009634,31.921191812963585,29.29001311928556,0.7817796583610396,-0.5805559608369508,-0.22754195681144396
YUE058,2,18,0.157,2.670353755551324,53,-76.65695318859783,19.737487323744155,29.831304073306445,0.8624330298908396,-0.4484067774058291,-0.23482042272729511
YUE059,2,19,0.157,2.827433388230814,277,-78.74811158696231,5.782089983374039,29.47054894099355,0.9215044056478618,-0.3052163309382024,-0.2401512475507938
YUE060,2,20,0.157,2.9845130209103035,105,-79.95004731898165,-7.562990002428693,29.265033781545835,0.9575392523143124,-0.15451044544795,-0.24340316868279233
YUE061,2,21,0.157,3.141592653589793,277,-80.73101594580231,-20.619122642780457,29.296263550839132,0.9696502723724635,-1.2095846168170226e-16,-0.2444961130325133
YUE062,2,22,0.157,3.2986722862692828,105,-82.58328026284602,-34.10015900811408,29.934392495423516,0.9575392523143124,0.15451044544794973,-0.24340316868279233
YUE063,2,23,0.157,3.455751918948772,277,-79.66961599261019,-47.32555159987312,29.710700188544344,0.9215044056478621,0.3052163309382018,-0.2401512475507938
YUE064,2,24,0.157,3.612831551628262,105,-75.79452015870699,-60.52732583189924,29.59648365057915,0.8624330298908396,0.4484067774058289,-0.23482042272729511
YUE065,2,25,0.157,3.7699111843077517,277,-68.81181500714506,-72.43374214747831,29.00558567327126,0.7817796583610398,0.5805559608369507,-0.22754195681144398
YUE066,2,26,0.157,3.9269908169872414,105,-60.88685020846107,-83.99982376827344,28.52589361128623,0.6815302447387197,0.6984099297574983,-0.21849506978993216
YUE067,2,27,0.157,4.084070449666731,277,-51.3631955763753,-94.73256169425174,27.980425318628054,0.5641532622959896,0.7990667283177496,-0.20790252604612583
YUE068,2,28,0.157,4.241150082346221,53,-39.37223496489422,-102.68358484890379,26.976811187172327,0.43253892189246074,0.8800478520763895,-0.19602514916163477
YUE069,2,29,0.157,4.39822971502571,277,-26.218731003905404,-108.68405486204976,25.868284737922608,0.28992800539182023,0.9393592770055391,-0.18315539957410903
YUE070,2,30,0.157,4.5553093477052,105,-12.077320732819853,-111.58827976767564,24.5136146816074,0.13983206685681068,0.975540558980109,-0.1696101732306436
YUE071,2,31,0.157,4.71238898038469,277,2.272464881604973,-112.72222175406606,23.218635643368785,-0.014053033565975658,0.9877007947590948,-0.1557229985578434
YUE072,2,32,0.157,4.869468613064179,105,16.6222504960298,-111.58827976767564,21.923656605130166,-0.16793813398876198,0.975540558980109,-0.14183582388504323
YUE073,2,33,0.157,5.026548245743669,277,31.095747873205095,-109.62341413905531,20.853000144914375,-0.3180340725237715,0.9393592770055392,-0.12829059754157776
YUE074,2,34,0.157,5.183627878423159,53,44.49297096438468,-103.7836446639993,19.6047361595078,-0.4606449890244121,0.8800478520763897,-0.11542084795405202
YUE075,2,35,0.157,5.340707511102648,277,56.042137138376255,-94.9323283763312,18.327008837319056,-0.592259329427941,0.7990667283177498,-0.10354347106956097
YUE076,2,36,0.157,5.497787143782138,105,65.18410572587348,-83.82522128583409,17.109524950830682,-0.7096363118706711,0.6984099297574985,-0.09295092732575465
YUE077,2,37,0.157,5.654866776461628,277,72.83937763908072,-72.14346416705986,16.143949604851436,-0.8098857254929913,0.5805559608369509,-0.08390404030424281
YUE078,2,38,0.157,5.811946409141117,105,79.77472958809477,-60.30312244319635,15.478829361222548,-0.8905390970227912,0.4484067774058292,-0.07662557438839167
YUE079,2,39,0.157,5.969026041820607,277,84.76514372439627,-47.554463848076836,14.989227676951685,-0.9496104727798134,0.3052163309382025,-0.07129474956489294
YUE080,2,40,0.157,6.126105674500097,105,85.72751697395644,-33.907020951304176,14.54914927307881,-0.985645319446264,0.1545104454479501,-0.06804282843289447
YUE081,3,1,0.314,0.0,53,84.56970375581001,-20.619122642780468,27.74523843421285,-0.9750167259968778,-0.0,-0.22213145663397044
YUE082,3,2,0.314,0.17453292519943295,181,82.61521026619062,-6.580711764772106,27.689028838160088,-0.9606257737013278,-0.1651577750353925,-0.2234301507095318
YUE083,3,3,0.314,0.3490658503988659,53,80.58899249668967,7.600419403124494,28.414593565985776,-0.9178901786180049,-0.3252973146502013,-0.22728677277390075
YUE084,3,4,0.314,0.5235987755982988,229,77.71583333771042,22.418411184300673,29.83683081705618,-0.8481084401782617,-0.47555285996774743,-0.23358414131719663
YUE085,3,5,0.314,0.6981317007977318,53,70.65159731196037,35.93158229279874,31.09457557126382,-0.7534008411933257,-0.6113589722765319,-0.24213091398285339
YUE086,3,6,0.314,0.8726646259971648,229,60.96581302620697,48.050414318187876,32.51136861058224,-0.6366450241339972,-0.7285892515752609,-0.2526674014083008
YUE087,3,7,0.314,1.0471975511965976,181,50.09809793277004,60.10168544180449,34.655064887823855,-0.5013885554203296,-0.8236817151488262,-0.26487345775483645
YUE088,3,8,0.314,1.2217304763960306,229,36.927550495113934,70.76651082815884,37.16163781394134,-0.3517411344111119,-0.8937470266106534,-0.27837820817693354
YUE089,3,9,0.314,1.3962634015954636,181,20.955990617497637,76.79313119759979,39.14568306519189,-0.19224972226846052,-0.9366562869267333,-0.29277131766675
YUE090,3,10,0.314,1.5707963267948966,53,3.8282792366981515,77.58254294055939,40.45876215676617,-0.0277603848437812,-0.951105719935495,-0.3076154588757025
YUE091,3,11,0.314,1.7453292519943295,229,-13.257791566835666,76.79313119759979,42.23326443665402,0.13672895258089815,-0.9366562869267333,-0.32245960008465513
YUE092,3,12,0.314,1.9198621771937623,53,-29.25245770022429,70.5430740715062,43.056442404445974,0.29622036472354935,-0.8937470266106535,-0.3368527095744715
YUE093,3,13,0.314,2.0943951023931953,181,-43.067424339533,60.71944672816612,43.295265202511025,0.44586778573276703,-0.8236817151488263,-0.35035745999656853
YUE094,3,14,0.314,2.2689280275926285,53,-53.954222543610356,48.232561631081694,42.95971832227324,0.5811242544464349,-0.728589251575261,-0.3625635163431043
YUE095,3,15,0.314,2.443460952792061,181,-62.54506700544671,35.01454383438394,42.64956637078808,0.6978800715057633,-0.611358972276532,-0.3731000037685516
YUE096,3,16,0.314,2.617993877991494,181,-69.77643008971717,21.823970109341026,42.75944082460298,0.7925876704906992,-0.4755528599677478,-0.3816467764342084
YUE097,3,17,0.314,2.792526803190927,181,-75.57326554099905,8.251014032424912,43.12750889460339,0.8623694089304427,-0.32529731465020145,-0.38794414497750423
YUE098,3,18,0.314,2.9670597283903604,181,-76.65073459260265,-6.456843433495564,42.29438180169052,0.9051050040137655,-0.16515777503539247,-0.3918007670418733
YUE099,3,19,0.314,3.141592653589793,53,-78.80425470825537,-20.619122642780457,42.79884427978734,0.9194959563093155,-1.164768575569743e-16,-0.3930994611174346
YUE100,3,20,0.314,3.316125578789226,181,-78.68722085163363,-35.153006845894986,43.17593352753473,0.9051050040137656,0.16515777503539222,-0.3918007670418733
YUE101,3,21,0.314,3.490658503988659,53,-74.92648848430122,-49.24528633199818,42.83655078587026,0.8623694089304428,0.3252973146502013,-0.38794414497750423
YUE102,3,22,0.314,3.6651914291880923,229,-69.77643008971717,-63.06221539490194,42.75944082460298,0.7925876704906992,0.4755528599677476,-0.3816467764342084
YUE103,3,23,0.314,3.8397243543875246,53,-62.894007041199636,-76.55846860608311,42.836116372672365,0.6978800715057637,0.6113589722765316,-0.3731000037685517
YUE104,3,24,0.314,4.014257279586958,229,-52.9372550983291,-88.19577572638592,42.325232168672805,0.581124254446435,0.7285892515752609,-0.3625635163431043
YUE105,3,25,0.314,4.1887902047863905,181,-40.39221762513645,-97.01560172283408,41.19312044253162,0.44586778573276764,0.823681715148826,-0.3503574599965686
YUE106,3,26,0.314,4.363323129985824,229,-26.216198961807915,-102.62041233430793,39.60370213130764,0.2962203647235494,0.8937470266106535,-0.3368527095744715
YUE107,3,27,0.314,4.537856055185257,181,-11.617044135864887,-106.79150104003993,38.36374923563815,0.13672895258089815,0.9366562869267333,-0.32245960008465513
YUE108,3,28,0.314,4.71238898038469,53,3.502094714783701,-107.64529601687826,36.84428051497666,-0.027760384843780968,0.951105719935495,-0.3076154588757025
YUE109,3,29,0.314,4.886921905584122,181,18.648993950276072,-106.79150104003993,35.63242725319088,-0.1922497222684601,0.9366562869267333,-0.29277131766674996
YUE110,3,30,0.314,5.061454830783556,229,33.234268583797274,-102.62041233430791,34.238666628083536,-0.35174113441111204,0.8937470266106534,-0.2783782081769335
YUE111,3,31,0.314,5.235987755982988,181,47.46580801681325,-97.01560172283413,33.264479234610974,-0.5013885554203289,0.8236817151488266,-0.2648734577548365
YUE112,3,32,0.314,5.410520681182422,229,59.69252297793898,-87.8314811005983,32.00603380776563,-0.6366450241339972,0.728589251575261,-0.2526674014083008
YUE113,3,33,0.314,5.585053606381854,53,68.20304457808206,-75.18291091846098,30.307650100819554,-0.7534008411933256,0.6113589722765322,-0.24213091398285344
YUE114,3,34,0.314,5.759586531581288,229,76.65569778748761,-63.0622153949019,29.544850640409685,-0.8481084401782618,0.47555285996774715,-0.23358414131719663
YUE115,3,35,0.314,5.934119456780721,53,83.80160812185271,-49.977205289961134,29.210097270694433,-0.9178901786180051,0.32529731465020123,-0.2272867727739008
YUE116,3,36,0.314,6.1086523819801535,181,84.7766182570186,-35.02913851461847,28.191746677256532,-0.9606257737013278,0.16515777503539256,-0.2234301507095318
YUE117,4,1,0.471,0.0,229,81.72353232436527,-20.619122642780468,41.04832454156982,-0.9282932508366383,-0.0,-0.3718489484335625
YUE118,4,2,0.471,0.17453292519943295,105,80.77919238406888,-7.11801504418019,41.24745076912953,-0.9148100043838526,-0.15474048823610634,-0.3730657276937495
YUE119,4,3,0.471,0.3490658503988659,229,77.94177480643559,6.201452680706428,41.845226322044354,-0.874769946646112,-0.3047792650396238,-0.37667909425220986
YUE120,4,4,0.471,0.5235987755982988,105,73.80709020806549,19.481050386279108,43.12959922935636,-0.8093896745165305,-0.44555747810066193,-0.3825792577945164
YUE121,4,5,0.471,0.6981317007977318,229,66.36152740561519,31.36226433544065,44.143231271813356,-0.7206557344797515,-0.5727976526525743,-0.3905869448370631
YUE122,4,6,0.471,0.8726646259971648,105,57.80959590498722,42.86580777239545,45.94013869293656,-0.6112642624022524,-0.6826336603782357,-0.400458845861147
YUE123,4,7,0.471,1.0471975511965976,229,47.35663476547747,53.273851526988864,48.13641305817165,-0.4845390628083523,-0.7717281897626039,-0.4118950081495745
YUE124,4,8,0.471,1.2217304763960306,53,35.22291586936356,62.69960514434658,50.93998702281971,-0.34433061676166654,-0.8373741486143421,-0.4245479496981892
YUE125,4,9,0.471,1.3962634015954636,229,20.598102511430227,67.7967518147085,52.82931266888379,-0.19489908694642666,-0.8775769176921981,-0.4380332172807335
YUE126,4,10,0.471,1.5707963267948966,229,5.06089941697439,68.93793045545259,54.11754334834134,-0.04078487478006614,-0.891114956201324,-0.45194106786558663
YUE127,4,11,0.471,1.7453292519943295,105,-10.314249568358544,66.69978066759325,55.049433413668645,0.11332933738629435,-0.8775769176921981,-0.4658489184504398
YUE128,4,12,0.471,1.9198621771937623,229,-24.985616134573746,62.07157453288583,56.03171689860707,0.2627608672015341,-0.8373741486143422,-0.47933418603298417
YUE129,4,13,0.471,2.0943951023931953,105,-37.823776898563416,53.65971562187018,56.05122705757876,0.40296931324821983,-0.771728189762604,-0.4919871275815987
YUE130,4,14,0.471,2.2689280275926285,229,-48.29957019273944,42.86580777239545,55.515831985762325,0.5296945128421202,-0.6826336603782357,-0.5034232898700263
YUE131,4,15,0.471,2.443460952792061,105,-56.87526213364779,31.21906492227751,55.15068080376686,0.6390859849196191,-0.5727976526525743,-0.5132951908941102
YUE132,4,16,0.471,2.617993877991494,229,-62.90417891334619,18.478546060552645,54.441793566791524,0.7278199249563981,-0.44555747810066226,-0.5213028779366569
YUE133,4,17,0.471,2.792526803190927,53,-68.83959784198848,6.201452680706449,55.09133367799867,0.7932001970859798,-0.30477926503962405,-0.5272030414789635
YUE134,4,18,0.471,2.9670597283903604,229,-71.73819273179187,-7.118015044180192,55.01119762911511,0.8332402548237205,-0.1547404882361063,-0.5308164080374238
YUE135,4,19,0.471,3.141592653589793,229,-73.76132948607393,-20.619122642780457,55.649394806864045,0.8467235012765062,-1.0913010787842854e-16,-0.5320331872976108
YUE136,4,20,0.471,3.316125578789226,105,-72.77974305032153,-34.313655851675854,55.67471813916189,0.8332402548237205,0.15474048823610606,-0.5308164080374238
YUE137,4,21,0.471,3.490658503988659,229,-69.83109808834595,-47.82067204756689,55.75033747984737,0.7932001970859798,0.30477926503962377,-0.5272030414789634
YUE138,4,22,0.471,3.6651914291880923,105,-65.08763868821539,-61.053463780415555,56.0057022006015,0.7278199249563982,0.4455574781006621,-0.5213028779366569
YUE139,4,23,0.471,3.8397243543875246,229,-57.99366260725716,-73.45970609998041,56.048947387831554,0.6390859849196195,0.5727976526525739,-0.5132951908941102
YUE140,4,24,0.471,4.014257279586958,181,-48.034722936318396,-83.76273622776728,55.264120340827326,0.5296945128421204,0.6826336603782357,-0.5034232898700264
YUE141,4,25,0.471,4.1887902047863905,229,-36.21189964557059,-91.81104814838066,54.08327854725238,0.40296931324822044,0.7717281897626038,-0.4919871275815988
YUE142,4,26,0.471,4.363323129985824,53,-23.34336071456416,-98.07623138960712,53.03587823590092,0.2627608672015341,0.8373741486143421,-0.4793341860329841
YUE143,4,27,0.471,4.537856055185257,229,-9.520944206654487,-101.7949875293088,51.78849098451557,0.11332933738629437,0.8775769176921981,-0.4658489184504398
YUE144,4,28,0.471,4.71238898038469,181,4.673443106563742,-101.71058365710095,49.824103203618265,-0.04078487478006593,0.891114956201324,-0.45194106786558663
YUE145,4,29,0.471,4.886921905584122,229,18.746561185439138,-100.69801638219354,48.66799710471682,-0.19489908694642624,0.8775769176921981,-0.4380332172807335
YUE146,4,30,0.471,5.061454830783556,53,32.98476686041274,-98.49491846391429,48.18042534978148,-0.34433061676166665,0.8373741486143421,-0.4245479496981892
YUE147,4,31,0.471,5.235987755982988,229,46.02415234275444,-92.38984429070267,47.00370178576032,-0.4845390628083516,0.7717281897626043,-0.4118950081495746
YUE148,4,32,0.471,5.410520681182422,181,57.65677983938665,-83.93339464286184,45.84002398147127,-0.6112642624022524,0.6826336603782358,-0.400458845861147
YUE149,4,33,0.471,5.585053606381854,229,66.90201920647499,-73.03010786049103,44.43617148044115,-0.7206557344797513,0.5727976526525745,-0.3905869448370631
YUE150,4,34,0.471,5.759586531581288,105,73.8070902080655,-60.71929567184002,43.12959922935636,-0.8093896745165307,0.4455574781006617,-0.3825792577945164
YUE151,4,35,0.471,5.934119456780721,229,79.69131469972783,-48.0492564963466,42.59858451054877,-0.874769946646112,0.3047792650396237,-0.37667909425220986
YUE152,4,36,0.471,6.1086523819801535,105,82.60881239283658,-34.42971121785296,41.99358222451703,-0.9148100043838526,0.1547404882361064,-0.3730657276937495
YUE153,5,1,0.628,0.0,53,76.96008799774475,-20.619122642780468,54.046595951718416,-0.8587352372448249,-0.0,-0.5124195471623563
YUE154,5,2,0.628,0.19634954084936207,181,75.37879098944812,-6.687280093092808,54.041819419345,-0.8432495352733187,-0.15786790424575253,-0.5138170355976784
YUE155,5,3,0.628,0.39269908169872414,53,70.73342891917252,6.476917785379165,54.018598195944534,-0.7973875362010833,-0.3096690334646815,-0.517955796206796
YUE156,5,4,0.628,0.5890486225480862,181,64.75897622639377,19.055408270559774,55.00019175170292,-0.7229116909327594,-0.4495697553919574,-0.5246767787405443
YUE157,5,5,0.628,0.7853981633974483,13,57.3149273329881,31.164412975793056,56.99927984249352,-0.6226840644354735,-0.572193763741144,-0.5337216996093219
YUE158,5,6,0.628,0.9817477042468103,181,47.26348170889518,41.617530871393434,59.086190528684604,-0.5005563481872155,-0.6728286866397178,-0.5447429675765916
YUE159,5,7,0.628,1.1780972450961724,181,35.45870539666687,50.77736308899142,61.92124349063857,-0.361221841833394,-0.7476071804374019,-0.5573170414951695
YUE160,5,8,0.628,1.3744467859455345,181,21.650476094456987,57.555948988270174,64.93709564331456,-0.21003509231349488,-0.7936555495538137,-0.5709607067559866
YUE161,5,9,0.628,1.5707963267948966,53,6.150220951240062,58.8851881392937,66.18841864463201,-0.05280612162506178,-0.8092041809880323,-0.5851496449545254
YUE162,5,10,0.628,1.7671458676442586,181,-9.21920828210096,56.76229343871637,67.13297788527365,0.1044228490633713,-0.7936555495538138,-0.5993385831530642
YUE163,5,11,0.628,1.9634954084936207,53,-23.768209161353678,51.71187206453817,68.0034985618929,0.2556095985832705,-0.7476071804374019,-0.6129822484138813
YUE164,5,12,0.628,2.1598449493429825,181,-35.86651828380607,42.12215238637323,67.03059308535171,0.39494410493709187,-0.672828686639718,-0.6255563223324592
YUE165,5,13,0.628,2.356194490192345,13,-46.35005213688177,31.736606739534203,66.94431554027507,0.5170718211853499,-0.572193763741144,-0.6365775902997288
YUE166,5,14,0.628,2.552544031041707,181,-53.97763134217687,19.392585587103746,66.15786952184695,0.6172994476826361,-0.4495697553919574,-0.6456225111685064
YUE167,5,15,0.628,2.748893571891069,181,-59.04948716191802,6.24466601028066,65.28826410652049,0.6917752929509599,-0.3096690334646816,-0.6523434937022548
YUE168,5,16,0.628,2.945243112740431,181,-63.39683422744605,-6.8451479973385325,65.97554271651711,0.7376372920231953,-0.15786790424575284,-0.6564822543113723
YUE169,5,17,0.628,3.141592653589793,53,-65.68936546695335,-20.61912264278046,66.91982326093235,0.7531229939947015,-9.909893101036492e-17,-0.6578797427466945
YUE170,5,18,0.628,3.3379421944391554,181,-65.60974610351563,-34.866701000959644,67.94498947945124,0.7376372920231953,0.15786790424575262,-0.6564822543113723
YUE171,5,19,0.628,3.5342917352885173,53,-62.854251273148314,-49.18609097989733,68.8761533218829,0.69177529295096,0.30966903346468144,-0.6523434937022548
YUE172,5,20,0.628,3.730641276137879,181,-55.98385454714545,-62.091932577688524,68.2561426831446,0.6172994476826362,0.44956975539195726,-0.6456225111685064
YUE173,5,21,0.628,3.9269908169872414,13,-47.25492782395616,-73.97619111164212,68.05832632329961,0.5170718211853501,0.5721937637411438,-0.6365775902997289
YUE174,5,22,0.628,4.123340357836604,181,-36.162726362508906,-83.86501918691394,67.49976032710104,0.39494410493709203,0.6728286866397178,-0.6255563223324592
YUE175,5,23,0.628,4.319689898685965,181,-22.9374779659581,-90.52039401367753,66.01130625454779,0.25560959858327104,0.7476071804374018,-0.6129822484138814
YUE176,5,24,0.628,4.516039439535327,181,-8.801516885847507,-94.82591652606203,64.7356235526614,0.10442284906337165,0.7936555495538136,-0.5993385831530642
YUE177,5,25,0.628,4.71238898038469,53,5.87298881270847,-95.87511147466746,63.116383008620744,-0.05280612162506158,0.8092041809880323,-0.5851496449545254
YUE178,5,26,0.628,4.908738521234052,181,20.60030063288951,-94.82591652606204,62.082292109534635,-0.21003509231349485,0.7936555495538137,-0.5709607067559866
YUE179,5,27,0.628,5.105088062083414,181,34.916872633916796,-90.89419760389625,61.085267928395815,-0.3612218418333942,0.7476071804374018,-0.5573170414951695
YUE180,5,28,0.628,5.301437602932776,181,48.01431623117597,-83.86501918691397,59.90330498004949,-0.5005563481872152,0.6728286866397181,-0.5447429675765916
YUE181,5,29,0.628,5.497787143782138,13,59.02730851018563,-73.97619111164215,58.467014516419155,-0.6226840644354733,0.5721937637411441,-0.5337216996093219
YUE182,5,30,0.628,5.6941366846315,181,67.6506229901248,-62.09193257768854,57.098898866665095,-0.7229116909327594,0.4495697553919574,-0.5246767787405443
YUE183,5,31,0.628,5.890486225480862,53,72.72689775967523,-48.48933565460185,55.313487686461535,-0.7973875362010832,0.30966903346468205,-0.5179557962067961
YUE184,5,32,0.628,6.086835766330224,181,76.85447767617642,-34.82723402489823,54.940999231640944,-0.8432495352733186,0.15786790424575292,-0.5138170355976784
YUE185,6,1,0.785,0.0,229,68.74275868472779,-20.619122642780468,65.21148106647361,-0.7680537017920686,-0.0,-0.640385439531147
YUE186,6,2,0.785,0.2243994752564138,105,65.87073565343036,-7.003270237683017,64.22869265576466,-0.7503897821023424,-0.157408698324826,-0.64197949858861
YUE187,6,3,0.785,0.4487989505128276,181,61.88727806104143,6.160019673400189,65.12044810317306,-0.6982837657245121,-0.3069242672341623,-0.6466817429836467
YUE188,6,4,0.785,0.6731984257692414,105,55.63903296628064,18.634271445661767,66.92628407457093,-0.6143484658955382,-0.44104937178024983,-0.6542563825474275
YUE189,6,5,0.785,0.8975979010256552,181,46.590461476243966,29.570928896305837,68.9848321128629,-0.5027927490321347,-0.5530584191634854,-0.6643235932232839
YUE190,6,6,0.785,1.121997376282069,105,35.48319981111107,38.971681908868256,71.93886167124072,-0.36921048459393935,-0.6373348080390238,-0.6763785630309179
YUE191,6,7,0.785,1.3463968515384828,181,22.220973854774066,45.9323502040649,75.2647877534858,-0.22030004511084272,-0.6896525683610919,-0.6898168054470043
YUE192,6,8,0.785,1.5707963267948966,181,7.108394312118208,47.82069239914611,76.80602858583693,-0.06352842181437174,-0.7073882691671998,-0.703964470883587
YUE193,6,9,0.785,1.7951958020513104,181,-8.01263864107431,45.759937061974625,77.81575914866623,0.09324320148209923,-0.6896525683610919,-0.7181121363201698
YUE194,6,10,0.785,2.019595277307724,181,-22.04257639011587,39.92768412092679,78.19475200779422,0.24215364096519593,-0.6373348080390238,-0.7315503787362562
YUE195,6,11,0.785,2.243994752564138,105,-33.98141970093765,30.81531033942369,77.85276344243165,0.3757359054033913,-0.5530584191634855,-0.74360534854389
YUE196,6,12,0.785,2.4683942278205513,181,-43.137872313567165,19.295845503332167,76.90483263723695,0.48729162226679457,-0.4410493717802501,-0.7536725592197466
YUE197,6,13,0.785,2.6927937030769655,105,-50.01998329546961,6.773868207868524,76.6387785192797,0.5712269220957686,-0.3069242672341624,-0.7612471987835273
YUE198,6,14,0.785,2.9171931783333798,181,-53.89127908409898,-6.767157190195798,76.10101702756353,0.6233329384735992,-0.1574086983248258,-0.7659494431785642
YUE199,6,15,0.785,3.141592653589793,229,-55.92645166041737,-20.61912264278046,76.81695185129729,0.6409968581633252,-8.663007795899975e-17,-0.7675435022360271
YUE200,6,16,0.785,3.3659921288462065,105,-55.91711113413818,-34.9826663649208,78.59035271789386,0.6233329384735992,0.15740869832482562,-0.7659494431785642
YUE201,6,17,0.785,3.5903916041026207,181,-52.019277522804806,-49.08634842874901,79.30314371502206,0.5712269220957688,0.3069242672341622,-0.7612471987835274
YUE202,6,18,0.785,3.814791079359035,105,-45.087038802634346,-62.2982882760141,79.91952287411594,0.48729162226679457,0.44104937178025005,-0.7536725592197466
YUE203,6,19,0.785,4.039190554615448,181,-35.01469344079698,-73.5744662776842,79.89767815092736,0.37573590540339136,0.5530584191634854,-0.74360534854389
YUE204,6,20,0.785,4.263590029871862,105,-22.284730031081075,-81.80326421452673,78.92630238653048,0.24215364096519604,0.6373348080390236,-0.7315503787362562
YUE205,6,21,0.785,4.487989505128276,181,-7.896084639221703,-86.1361166370842,76.91811897826601,0.09324320148209943,0.6896525683610919,-0.7181121363201698
YUE206,6,22,0.785,4.71238898038469,181,7.028983784850228,-88.17470234824805,75.92607299723245,-0.06352842181437157,0.7073882691671998,-0.703964470883587
YUE207,6,23,0.785,4.936788455641103,181,22.11082383221857,-86.82576920544531,74.9198793507623,-0.22030004511084195,0.6896525683610921,-0.6898168054470044
YUE208,6,24,0.785,5.161187930897517,105,36.498528643744386,-81.96259791653651,73.79890271957574,-0.3692104845939392,0.6373348080390238,-0.6763785630309179
YUE209,6,25,0.785,5.385587406153931,181,48.853028846888556,-73.29793706810247,71.9742882823677,-0.5027927490321346,0.5530584191634855,-0.664323593223284
YUE210,6,26,0.785,5.609986881410345,105,57.9428397133889,-61.52645187539865,69.37974550912378,-0.614348465895538,0.44104937178024994,-0.6542563825474275
YUE211,6,27,0.785,5.8343863566667595,181,64.85498406537062,-48.70269309470628,67.86884551085356,-0.6982837657245123,0.3069242672341619,-0.6466817429836468
YUE212,6,28,0.785,6.058785831923172,105,69.81028200946766,-35.06137071408327,67.59908502335486,-0.7503897821023424,0.15740869832482618,-0.64197949858861
YUE213,7,1,0.942,0.0,181,59.73129400194494,-20.619122642780468,75.8669149961159,-0.6584792661105568,-0.0,-0.752598867991776
YUE214,7,2,0.942,0.2617993877991494,277,56.992054166638894,-7.260936141322217,74.89608058151185,-0.6385189135619505,-0.15223004560066383,-0.7544001658536976
YUE215,7,3,0.942,0.5235987755982988,105,52.00185414573005,5.260433491800033,75.54942077694221,-0.5799981209562762,-0.2940858651656875,-0.7596813039669582
YUE216,7,4,0.942,0.7853981633974483,277,44.783468025526325,16.811897068978183,77.82488036254679,-0.4869049835994287,-0.4159002190195406,-0.7680823814966323
YUE217,7,5,0.942,1.0471975511965976,181,34.3215271040494,25.86104135547194,79.7840337267914,-0.3655836449585935,-0.509371660254821,-0.7790308788925098
YUE218,7,6,0.942,1.3089969389957472,277,22.15855413276259,33.06918736382886,83.52073973505408,-0.2243019537691518,-0.5681302646202046,-0.791780674150309
YUE219,7,7,0.942,1.5707963267948966,277,7.831037751304295,34.963105873534474,84.8137091133114,-0.07268802380663018,-0.588171730331375,-0.8054628897932437
YUE220,7,8,0.942,1.832595714594046,53,-6.496478630153997,33.06918736382886,86.10667849156874,0.07892590615589143,-0.5681302646202046,-0.8191451054361784
YUE221,7,9,0.942,2.0943951023931953,277,-19.682442749547235,27.134470506109018,86.68761296791028,0.2202075973453331,-0.5093716602548212,-0.8318949006939776
YUE222,7,10,0.942,2.356194490192345,181,-30.287878141156668,17.435747397507505,85.81763695307163,0.3415289359861684,-0.4159002190195407,-0.8428433980898551
YUE223,7,11,0.942,2.6179938779914944,277,-38.15396709929369,5.848605222131404,85.30946883360751,0.4346220733430159,-0.29408586516568747,-0.8512444756195292
YUE224,7,12,0.942,2.8797932657906435,277,-43.050981284342846,-7.032591072921203,85.14237705350138,0.49314286594869006,-0.15223004560066403,-0.8565256137327898
YUE225,7,13,0.942,3.141592653589793,53,-45.08899435855462,-20.61912264278046,85.73230634347523,0.5131032184972966,-7.203026268992786e-17,-0.8583269115947114
YUE226,7,14,0.942,3.4033920413889427,277,-44.03726701624023,-34.51011430384104,86.85542828096695,0.4931428659486901,0.15223004560066386,-0.8565256137327897
YUE227,7,15,0.942,3.665191429188092,277,-40.10976642933727,-48.41023690093793,89.1400689738954,0.434622073343016,0.2940858651656874,-0.8512444756195292
YUE228,7,16,0.942,3.926990816987241,181,-31.910140587090993,-60.64951872341124,89.82114309399844,0.3415289359861687,0.4159002190195405,-0.8428433980898551
YUE229,7,17,0.942,4.1887902047863905,277,-20.232961742910607,-69.64614494230699,88.76735021964524,0.2202075973453335,0.509371660254821,-0.8318949006939776
YUE230,7,18,0.942,4.4505895925855405,53,-6.595136012848862,-75.01759548016506,87.13060987336397,0.07892590615589143,0.5681302646202046,-0.8191451054361784
YUE231,7,19,0.942,4.71238898038469,277,8.012757810820855,-77.67178048492386,86.82736633779452,-0.07268802380663003,0.588171730331375,-0.8054628897932437
YUE232,7,20,0.942,4.974188368183839,277,22.83145999407002,-76.01182344325042,85.89608175750502,-0.22430195376915155,0.5681302646202047,-0.7917806741503091
YUE233,7,21,0.942,5.235987755982989,181,36.24084124008202,-69.7734878573707,83.87394584097707,-0.3655836449585935,0.509371660254821,-0.7790308788925098
YUE234,7,22,0.942,5.497787143782138,277,47.217992943523456,-60.12964344963684,81.66529227002995,-0.4869049835994286,0.4159002190195407,-0.7680823814966323
YUE235,7,23,0.942,5.759586531581287,105,55.04684428075047,-48.04262956948085,79.53774762276873,-0.5799981209562759,0.2940858651656878,-0.7596813039669582
YUE236,7,24,0.942,6.021385919380436,277,59.54612982088668,-34.586229326641416,77.91368124492664,-0.6385189135619502,0.1522300456006643,-0.7544001658536976
YUE237,8,1,1.1,0.0,53,49.095414785956905,-20.619122642780468,85.33574796578027,-0.5318607213743554,-0.0,-0.8468318446180153
YUE238,8,2,1.1,0.3141592653589793,277,46.07489438197657,-8.214174098659162,83.81867323089732,-0.5097499986485743,-0.1401689101030656,-0.8488272000344342
YUE239,8,3,1.1,0.6283185307179586,181,40.0618559778775,2.776528818601559,83.69019087649205,-0.44558218206609407,-0.26661711067102023,-0.8546179469930731
YUE240,8,4,1.1,0.9424777960769379,277,31.8102524669024,12.132679502534529,85.77709030788382,-0.34563846459747516,-0.3669669708158543,-0.8636372468351142
YUE241,8,5,1.1,1.2566370614359172,53,21.06475558122728,18.85356991211181,88.76016985790366,-0.219702033657372,-0.43139554704800304,-0.875002227650861
YUE242,8,6,1.1,1.5707963267948966,277,8.371308773092036,21.33851858908543,90.80050357670706,-0.08010042455691128,-0.4535961214255773,-0.887600405933591
YUE243,8,7,1.1,1.8849555921538759,181,-4.526964772564693,19.177116572397814,91.7407854218055,0.05950118454354943,-0.4313955470480031,-0.900198584216321
YUE244,8,8,1.1,2.199114857512855,277,-16.515475757756516,13.967514356613798,94.61233203212228,0.18543761548365262,-0.3669669708158543,-0.9115635650320678
YUE245,8,9,1.1,2.5132741228718345,53,-25.079027130317034,3.709688705950132,92.70065244761233,0.2853813329522715,-0.2666171106710203,-0.9205828648741089
YUE246,8,10,1.1,2.827433388230814,277,-30.759565818700978,-7.898794050927263,92.76587130167175,0.34954914953475175,-0.14016891010306562,-0.9263736118327478
YUE247,8,11,1.1,3.141592653589793,181,-33.04485881026102,-20.619122642780464,93.64322653114864,0.3716598722605329,-5.554950382094875e-17,-0.9283689672491667
YUE248,8,12,1.1,3.455751918948772,277,-31.45866411777049,-33.61978905483978,94.61861852533724,0.3495491495347518,0.14016891010306534,-0.9263736118327478
YUE249,8,13,1.1,3.7699111843077517,53,-26.220552462126125,-46.01440243419514,96.38298390710875,0.2853813329522716,0.2666171106710202,-0.9205828648741089
YUE250,8,14,1.1,4.084070449666731,277,-16.932710392594746,-56.0314353265104,96.66335005344443,0.18543761548365273,0.3669669708158542,-0.9115635650320679
YUE251,8,15,1.1,4.39822971502571,181,-4.794720103010673,-62.35664181967476,95.79167905077894,0.05950118454354951,0.43139554704800304,-0.900198584216321
YUE252,8,16,1.1,4.71238898038469,277,8.731760683598125,-64.61794642106148,94.79470540340822,-0.08010042455691117,0.4535961214255773,-0.887600405933591
YUE253,8,17,1.1,5.026548245743669,53,22.32804227475716,-62.57233959319876,93.79143266689613,-0.2197020336573719,0.43139554704800304,-0.8750022276508611
YUE254,8,18,1.1,5.340707511102648,277,34.488950567532825,-56.21491881191834,92.47027897085596,-0.34563846459747505,0.36696697081585433,-0.8636372468351142
YUE255,8,19,1.1,5.654866776461628,181,43.18093125234015,-45.881093878859645,89.67251650544357,-0.445582182066094,0.26661711067102034,-0.8546179469930731
YUE256,8,20,1.1,5.969026041820607,277,48.49620687555729,-33.68987350989134,87.85060243106088,-0.5097499986485743,0.1401689101030657,-0.8488272000344342
YUE257,9,1,1.257,0.0,229,36.42234341055897,-20.619122642780468,91.6892001239039,-0.3929121762768003,-0.0,-0.9195760010643105
YUE258,9,2,1.257,0.5235987755982988,105,32.1776459165672,-6.9218115646581815,90.63970688535244,-0.3517253680562193,-0.1543358994718004,-0.9232928547324232
YUE259,9,3,1.257,1.0471975511965976,181,22.250900971821412,3.1721454764326182,91.7742924418724,-0.2392009153959963,-0.267317619317001,-0.9334474877980059
YUE260,9,4,1.257,1.5707963267948966,181,8.891184957861826,8.01018670923851,96.5613009156652,-0.08548965451519228,-0.30867179894360086,-0.9473189745317014
YUE261,9,5,1.257,2.0943951023931953,105,-5.280257480875729,3.8404395247251273,96.6463932336337,0.06822160636561171,-0.26731761931700104,-0.961190461265397
YUE262,9,6,1.257,2.6179938779914944,181,-15.576244899286138,-6.497387841110731,97.57554215913453,0.18074605902583477,-0.1543358994718004,-0.9713450943309797
YUE263,9,7,1.257,3.141592653589793,105,-19.511287501904114,-20.619122642780464,98.64693073076616,0.22193286724641578,-3.7801393056333616e-17,-0.9750619479990924
YUE264,9,8,1.257,3.665191429188092,181,-15.982923532094265,-35.08811321826175,99.76106862137924,0.18074605902583477,0.15433589947180038,-0.9713450943309797
YUE265,9,9,1.257,4.1887902047863905,105,-5.570199307929597,-46.214784692383304,100.73145269401165,0.0682216063656119,0.26731761931700093,-0.961190461265397
YUE266,9,10,1.257,4.71238898038469,181,9.169026335036195,-50.25161534136615,99.64008758289322,-0.0854896545151922,0.30867179894360086,-0.9473189745317014
YUE267,9,11,1.257,5.235987755982989,181,23.74590669304639,-46.08112588272481,97.60833924060995,-0.2392009153959963,0.267317619317001,-0.9334474877980059
YUE268,9,12,1.257,5.759586531581287,105,33.76041007282018,-35.01094526852587,94.79452473164835,-0.3517253680562192,0.15433589947180057,-0.9232928547324232
YUE269,10,1,1.414,0.0,229,23.132118920265466,-20.619122642780468,96.69774552607366,-0.24429861618388676,-0.0,-0.9697000495672041
YUE270,10,2,1.414,0.7853981633974483,277,18.898944298998163,-10.65389765031336,96.58389000596607,-0.1987470891680933,-0.11041800545669926,-0.9738107920012873
YUE271,10,3,1.414,1.5707963267948966,229,8.996245226386058,-6.487127646122396,97.72548372125503,-0.0887759748597604,-0.15615464084705052,-0.9837350021370734
YUE272,10,4,1.414,2.356194490192345,277,-0.9773357579666453,-10.515875143492483,99.61728395081654,0.021195139448572545,-0.11041800545669929,-0.9936592122728597
YUE273,10,5,1.414,3.141592653589793,229,-5.195360479760018,-20.619122642780468,100.74174434956537,0.06674666646436597,-1.9123428108534497e-17,-0.9977699547069429
YUE274,10,6,1.414,3.9269908169872414,277,-1.0197260368637941,-30.94320615298185,101.60460237536226,0.021195139448572587,0.11041800545669928,-0.9936592122728597
YUE275,10,7,1.414,4.71238898038469,229,9.351349125825097,-35.375736202826744,101.66042372980333,-0.08877597485976035,0.15615464084705052,-0.9837350021370734
YUE276,10,8,1.414,5.497787143782138,277,19.346125249626372,-30.832788147525154,98.77496428796896,-0.1987470891680933,0.1104180054566993,-0.9738107920012873
YUE277,11,1,1.571,0.0,13,9.234602683585052,-20.619122642780468,100.57579245740982,-0.08967569844994373,-0.0,-0.9959710182066117
