variant_id,depth_mm,mean_fluence_raw,sd_fluence_raw,cv_fluence_raw,ratio_to_baseline_mean,mean_fluence_normalized_depth0,mean_fluence_normalized_peak_0_20,mean_absorbed_proxy_normalized_depth0,mean_absorbed_proxy_normalized_peak_0_20,absorbed_proxy_depth0_over_yue_60mm
baseline,20,8.253632537342663e-05,1.1841624636777765e-07,0.001434716724206175,1.0,0.0002661074014559769,0.00014871743913487831,6.652685036399422e-05,3.717935978371958e-05,
baseline,40,1.0892871675389552e-06,2.032831685056054e-08,0.018662036473346737,1.0,3.5120833174300917e-06,1.962765957097566e-06,4.097430537001774e-06,2.289893616613827e-06,
baseline,60,2.122134745566343e-08,5.354034055984178e-10,0.02522947266741691,1.0,6.841807009453238e-08,3.823643081145161e-08,2.0525421028359713e-07,1.1470929243435483e-07,0.16948167310896364
inner_scalp_transparent_2mm,20,0.00012339387170044294,2.884726615000715e-07,0.0023378200029283624,1.4950250225238497,0.00040233925657731043,0.00022450514964781506,0.0001005848141443276,5.6126287411953765e-05,
inner_scalp_transparent_2mm,40,1.8959359684268436e-06,2.214888877099597e-08,0.011682297893938924,1.7405290587516637,6.181968187366183e-06,3.449528621805003e-06,7.212296218593879e-06,4.0244500587725034e-06,
inner_scalp_transparent_2mm,60,3.524623074391479e-08,1.483752851887205e-09,0.0420967808633941,1.6608856161255907,1.1492885147674376e-07,6.412973109987659e-08,3.4478655443023127e-07,1.9238919329962975e-07,0.284695753765886
inner_skull_to_csf_2mm,20,0.000135646556659178,1.666573983161997e-07,0.0012286150302726721,1.643477051412937,0.0004388044307037285,0.0002451082156508926,0.00010970110767593211,6.127705391272315e-05,
inner_skull_to_csf_2mm,40,2.0109276363016326e-06,2.8438811433411288e-08,0.014142135659199603,1.846095039240162,6.505173443520931e-06,3.633672792294467e-06,7.589369017441086e-06,4.239284924343544e-06,
inner_skull_to_csf_2mm,60,4.0109011378753336e-08,1.0428960692882304e-09,0.026001540138700013,1.8900313216467919,1.2974824505455066e-07,7.247512342428849e-08,3.89244735163652e-07,2.1742537027286547e-07,0.32140558224477583
csf_into_gm_2mm,20,6.499863243252333e-05,1.809294679180589e-07,0.002783588840978865,0.7875154622942575,0.00021096838746053711,0.0001177824707638608,5.274209686513428e-05,2.94456176909652e-05,
csf_into_gm_2mm,40,3.583660451007571e-06,6.378241356063325e-08,0.017798118552972947,3.289913401903187,1.1631531064380777e-05,6.493818725732349e-06,1.3570119575110908e-05,7.576121846687741e-06,
csf_into_gm_2mm,60,5.498227329462761e-07,9.930880770301704e-09,0.018061968294919635,25.908945418993298,1.7845667039142362e-06,9.963136017866696e-07,5.3537001117427075e-06,2.9889408053600076e-06,4.420635518307372
superior_csf_into_gm_2mm_r20,20,6.701836746419182e-05,1.6431209676025868e-07,0.002451747229564362,0.8119863243362786,0.00021729842538199077,0.00012134696900513106,5.432460634549768e-05,3.0336742251282765e-05,
superior_csf_into_gm_2mm_r20,40,2.026583828683984e-06,3.9629502835891915e-08,0.019554830288775363,1.860467917989596,6.570855485798372e-06,3.66939624008633e-06,7.665998066764767e-06,4.280962280100718e-06,
superior_csf_into_gm_2mm_r20,60,3.284587501925202e-08,1.7295884615831718e-09,0.052657706959227134,1.5477751866546205,1.065060736244868e-07,5.947616514678924e-08,3.195182208734603e-07,1.7842849544036773e-07,0.263831287979972
deep_axis_gm_to_wm_r20,20,8.258504656368388e-05,6.105394972435842e-08,0.0007392857698188477,1.0005902999683693,0.0002666511003689619,0.00014899140012904918,6.666277509224048e-05,3.7247850032262295e-05,
deep_axis_gm_to_wm_r20,40,1.1090555326045485e-06,2.9631832661869586e-08,0.026718078392595053,1.0181479830614881,3.5806323682906612e-06,2.0007043926581527e-06,4.177404429672438e-06,2.334155124767844e-06,
deep_axis_gm_to_wm_r20,60,4.231395228447261e-08,2.546424641815981e-10,0.006017931448938199,1.9939333434352733,1.3662372865324892e-07,7.633855434735556e-08,1.5939435009545707e-07,8.906164673858148e-08,0.13161445556204904
combined_explanatory_bound,20,0.0001722764118740213,2.3245884245876394e-07,0.0013493364525652624,2.087279886699285,0.0005555718793605019,0.00031050380974445807,0.00013889296984012547,7.76259524361145e-05,
combined_explanatory_bound,40,6.410048077270824e-06,1.054214437537636e-07,0.016446279728786123,5.8846264495644,2.067254961395813e-05,1.1553620533978324e-05,2.411797454961782e-05,1.3479223956308044e-05,
combined_explanatory_bound,60,2.323980086794377e-07,1.2482685072607387e-08,0.05371253025590937,10.951142907629867,7.495502957015603e-07,4.1890942311747506e-07,8.744753449851537e-07,4.887276603037208e-07,0.7220682311746276
