tissue_id,tissue_name,voxel_count,mua_mm-1,absorbed_fraction_constant_per_emitter,absorbed_fraction_constant_total,absorbed_percent_constant_total
0,background_air,3286799,0.0,0.0,0.0,0.0
1,cerebrospinal_fluid,338002,0.0026,0.20401571749823447,0.0007365188357336984,0.07365188357336984
2,gray_matter,1001274,0.028,2.290720935560942,0.008269750669895097,0.8269750669895097
3,white_matter,640621,0.092,0.849206982337576,0.003065729178113993,0.3065729178113993
4,fat,140570,0.00054,0.3252236751129393,0.001174092689938409,0.1174092689938409
5,muscles,668388,0.028,80.83598544503836,0.29182666225645615,29.182666225645615
6,skin_and_muscles,383231,0.045,83.89759584034861,0.3028794073658795,30.28794073658795
7,skull,355103,0.021,7.705070466427596,0.027816138867969662,2.781613886796966
9,fat_2,170283,0.00054,0.3816589610312274,0.0013778301842282577,0.13778301842282575
10,dura,8868,0.05682,0.2583184534337586,0.0009325575936236772,0.09325575936236773
11,marrow,74917,0.01,0.9328158598064225,0.0033675662808896117,0.3367566280889612
12,vessels,41081,0.11,0.5531687841487753,0.0019969992207537015,0.19969992207537016
