endpoint,absorbed_J_per_100J_810,absorbed_J_per_100J_1070,qualified,ratio_810_over_1070,failed_gates
brain,1.1339369843115772,1.214530948038345,True,0.9336419019565212,
brain__depth_0_10_mm,0.011600229416285199,0.010200134133336881,True,1.1372624383803362,
brain__depth_10_20_mm,0.5067979249590406,0.8324480640051072,True,0.6088042568334104,
brain__depth_20_30_mm,0.5758579920803711,0.3641782601964147,True,1.581253070322731,
brain__depth_30_40_mm,0.03771027218329208,0.007584343011445383,True,4.972121135131184,
brain__depth_40_50_mm,0.0018296159505121587,0.00011722604463096218,True,15.60758922022789,
brain__depth_50_inf_mm,0.0001409497220760156,2.9206474099037913e-06,False,,1070: replicate_cv
gray_matter,0.8272519162183334,1.1778664698715038,True,0.7023308137029999,
gray_matter__depth_0_10_mm,0.010194247595472635,0.010122788728746888,True,1.0070592075603453,
gray_matter__depth_10_20_mm,0.4446484033584244,0.8206738600652711,True,0.5418089024098561,
gray_matter__depth_20_30_mm,0.35170585857301095,0.3403240855637728,True,1.0334439244591913,
gray_matter__depth_30_40_mm,0.01951598272606465,0.006647339901843979,True,2.9359086513164305,
gray_matter__depth_40_50_mm,0.0010703385380830053,9.549609573568125e-05,True,11.208191600267519,
gray_matter__depth_50_inf_mm,0.00011708542727755357,2.8995161332867955e-06,False,,1070: replicate_cv
white_matter,0.306685068093244,0.03666447816684123,True,8.36463747547906,
white_matter__depth_0_10_mm,0.0014059818208125656,7.734540458999264e-05,True,18.177961939247247,
white_matter__depth_10_20_mm,0.06214952160061612,0.011774203939836013,True,5.278447860949971,
white_matter__depth_20_30_mm,0.22415213350736024,0.023854174632641924,True,9.396767524315498,
white_matter__depth_30_40_mm,0.018194289457227435,0.0009370031096014041,True,19.417533699506276,
white_matter__depth_40_50_mm,0.0007592774124291532,2.1729948895280908e-05,True,34.94151855065087,
white_matter__depth_50_inf_mm,2.3864294798462033e-05,2.113127661699592e-08,False,,1070: minimum_signal; 1070: photon_count_stability; 1070: replicate_cv
