section,parameter,reported_value,unit,status,source_location,upstream_source,implementation_decision,uncertainty_or_limitation
bibliography,doi,10.1117/1.JBO.20.8.088001,,reported,"article first page","paper","use canonical DOI","none"
anatomy,template,Colin27,,reported,"Sec. 2.1 p. 088001-2","Holmes et al. 1998","obtain and checksum a licensed copy","exact file/release not identified"
anatomy,voxel_size,"1 x 1 x 1",mm,reported,"Sec. 2.1 p. 088001-2","paper","preserve 1-mm grid for closest benchmark","resampling/filter history missing"
anatomy,input_intensity,"256 gray levels",levels,reported,"Sec. 2.1 p. 088001-2","paper","record but do not treat as a tissue label definition","raw intensity volume unavailable"
anatomy,preprocessing,"filtered for reduced intensity nonuniformity",,reported,"Sec. 2.1 p. 088001-2","paper","document closest available correction or declare deviation","algorithm and parameters missing"
anatomy,segmentation_software,SPM12,,reported,"Sec. 2.1 p. 088001-2","paper","freeze exact SPM release and script in project","paper omits SPM release/build and settings"
anatomy,tissue_labels,"scalp; skull; modified CSF; gray matter; white matter",,reported,"Sec. 2.1 and Fig. 1","paper","use five-label benchmark map","label construction rules missing"
coordinates,original_head_center,"111.5; 91; 30",voxel_or_mm_coordinates,reported,"Sec. 2.1 p. 088001-2","paper","verify coordinate units against acquired volume","paper gives coordinates but not explicit unit/frame convention"
coordinates,translation,"head centered at origin",,reported,"Sec. 2.2 p. 088001-2","paper","save transform explicitly","exact transform matrix absent"
coordinates,rotation,"0.09 rad counterclockwise about y-axis",rad,reported,"Sec. 2.2 p. 088001-2","paper","save active/passive convention and transform matrix","coordinate handedness not fully specified"
geometry,brain_approximation,"hemisphere with equator tilted 0.09 rad",,reported,"Sec. 2.2 p. 088001-2","paper","use only to generate sources; do not alter anatomy into a hemisphere","fit procedure to scalp not reported"
geometry,distribution_rule,"similar spacing on unit sphere using delta-omega = cos(theta) delta-theta delta-phi",sr,reported,"Sec. 2.2 p. 088001-2","paper","implement and unit-test deterministic generator","rounding/start azimuth per layer missing"
geometry,maximum_source_count,277,sources,reported,"Sec. 2.2 and Table 1","paper","reproduce maximum tier","none"
geometry,density_counts,"13; 53; 105; 181; 229; 277",sources,reported,"Sec. 3.3 and Table 3","paper","implement all tiers","complete coordinates absent"
geometry,elevation_grid_prose,0.05,rad,inconsistent,"Sec. 2.2 p. 088001-3","paper","do not use in nominal approximation","conflicts with Table 1 elevations"
geometry,elevation_grid_table,0.157,rad,reported,"Table 1 p. 088001-3","paper","use tabulated layer elevations for yue2015_approx_v1","rounded values limit exactness"
geometry,layer_source_counts,"40; 40; 36; 36; 32; 28; 24; 20; 12; 8; 1",sources,reported,"Table 1 p. 088001-3","paper","use exact counts in listed order","layer azimuth offsets missing"
geometry,layer_elevations,"0; 0.157; 0.314; 0.471; 0.628; 0.785; 0.942; 1.100; 1.257; 1.414; 1.571",rad,reported,"Table 1 p. 088001-3","paper","use table values","values rounded to three decimals"
geometry,layer_actual_delta_phi,"0.157; 0.157; 0.175; 0.175; 0.196; 0.224; 0.262; 0.314; 0.524; 0.785; n/a",rad,reported,"Table 1 p. 088001-3","paper","use table values to cross-check counts","initial phase angle per layer missing"
geometry,source_direction,"spherical normal inward toward center of head",unit_vector,reported,"Sec. 2.3 p. 088001-3","paper","compute and store unit normals after transform","surface contact/standoff not reported"
geometry,source_extent,"point sources representing LEDs",,reported,"Sec. 2.2 p. 088001-2","paper","treat nominal benchmark sources as zero-area origins","conflicts conceptually with Gaussian beam wording"
geometry,regional_single_sources,"frontal; occipital; temporal; parietal randomly placed; north pole",,reported,"Sec. 3.1 and Fig. 2","paper","use north pole as exact reference; document approximations for four regional sources","four coordinates absent"
engine,software,"MCXLAB under MATLAB",,reported,"Sec. 2.3 p. 088001-3","Fang and Boas 2009 reference","implement with pinned MCX-family release and declare backend difference","paper typesets MXCLab and gives no release"
engine,software_version,"not reported",,missing,"Sec. 2.3 and references","paper","freeze project version in manifest","major reproducibility gap"
engine,photon_count_per_source,1000000000,photons,reported,"Sec. 2.3 p. 088001-3","paper","include as final comparison tier after convergence study","paper supplies no convergence evidence"
engine,initial_photon_weight,1,relative_weight,reported,"Sec. 2.3 p. 088001-3","paper","normalize all basis fields to launched unit weight","physical source power absent"
engine,random_seed,"not reported",,missing,"Methods","paper","use independent deterministic seeds and repeats","cannot reproduce stochastic stream"
engine,replicates,"not reported",runs,missing,"Methods","paper","prespecify multiple independent seeds","uncertainty absent"
engine,convergence,"not reported",,missing,"Methods","paper","run log-spaced photon counts and freeze tolerance","1e9 alone is not evidence of convergence"
engine,boundary_condition,"not reported for Monte Carlo",,missing,"Sec. 2.3","paper","record MCX boundary flags explicitly","FEA Robin condition must not be transferred silently"
engine,termination,"exit medium or exceedingly long travel time",,reported,"Sec. 2.3 p. 088001-3","paper","use documented MCX termination/default and record it","numeric time/path cutoff missing"
source,default_wavelength,850,nm,reported,"Sec. 2.3 and throughout","paper","primary benchmark wavelength","none"
source,comparison_wavelength,690,nm,reported,"Sec. 3.4 and Table 2","paper","secondary wavelength check","none"
source,default_beam,"Gaussian beam",,reported,"Sec. 2.3 and Fig. 3","paper","freeze a declared Gaussian scenario after source-model investigation","width/waist/divergence/parameter vector missing"
source,comparison_beam,"narrow pencil beam",,reported,"Sec. 3.2 and Fig. 4","paper","run separate pencil scenario","exact MCXLAB encoding missing"
source,beam_parameters,"not reported",,missing,"Secs. 2.3 and 3.2","paper","treat as sensitivity, never as reported","major quantitative ambiguity"
optics,scalp_850,"mua=0.012; musp=1.8",mm^-1,reported,"Table 2 p. 088001-3","Refs. 26-28 cited by paper","transcribe as reported benchmark input","primary measurement sources not independently checked"
optics,skull_850,"mua=0.025; musp=1.6",mm^-1,reported,"Table 2 p. 088001-3","Refs. 26-28 cited by paper","transcribe as reported benchmark input","primary measurement sources not independently checked"
optics,modified_csf_850,"mua=0.003; musp=0.01",mm^-1,reported,"Table 2 p. 088001-3","Refs. 26-28 cited by paper","retain modified-CSF label","tissue definition and modification rationale need source audit"
optics,gray_matter_850,"mua=0.036; musp=0.9",mm^-1,reported,"Table 2 p. 088001-3","Refs. 26-28 cited by paper","transcribe as reported benchmark input","primary measurement sources not independently checked"
optics,white_matter_850,"mua=0.014; musp=1.1",mm^-1,reported,"Table 2 p. 088001-3","Refs. 26-28 cited by paper","transcribe as reported benchmark input","primary measurement sources not independently checked"
optics,scalp_690,"mua=0.021; musp=2.37",mm^-1,reported,"Table 2 p. 088001-3","Ref. 26 cited by paper","secondary comparison input","primary measurement source not independently checked"
optics,skull_690,"mua=0.026; musp=2.35",mm^-1,reported,"Table 2 p. 088001-3","Ref. 26 cited by paper","secondary comparison input","primary measurement source not independently checked"
optics,modified_csf_690,"mua=0.0004; musp=0.01",mm^-1,reported,"Table 2 p. 088001-3","Ref. 26 cited by paper","secondary comparison input","primary measurement source not independently checked"
optics,gray_matter_690,"mua=0.036; musp=1.4",mm^-1,reported,"Table 2 p. 088001-3","Ref. 26 cited by paper","secondary comparison input","primary measurement source not independently checked"
optics,white_matter_690,"mua=0.014; musp=1.5",mm^-1,reported,"Table 2 p. 088001-3","Ref. 26 cited by paper","secondary comparison input","primary measurement source not independently checked"
optics,refractive_index,"approximate values assigned but not tabulated",,missing,"Sec. 2.1 p. 088001-2","paper","select and cite benchmark values; run sensitivity","exact values absent"
optics,anisotropy,"reduced scattering used in isotropic assumption",,inferred,"Sec. 2.3 and 3.2","paper","test mus=musp with g=0 as an explicitly inferred scenario","numeric default g not directly reported; higher-g comparison mentioned"
output,voxel_quantity,"sum of photon weight dropped in each voxel, called photon flux",relative_or_undefined,reported,"Sec. 2.3 p. 088001-3","paper","compare absorbed/deposited-weight and fluence outputs with explicit names","term photon flux is dimensionally ambiguous"
output,superposition,"sum contributions from all simulated sources",relative_field,reported,"Sec. 2.3 p. 088001-3","paper","run per-source basis fields and sum in high precision","weighting/power equivalence not physicalized"
output,normalization,"normalized photon flux in figures",relative,reported,"Figs. 2-6","paper","document each curve normalization during digitization","normalization denominator not fully specified for every figure"
comparison,reference_axis,"propagation direction of north-pole source",depth_mm,reported,"Sec. 3.2 and Figs. 3-4","paper","define axis in transformed benchmark frame","sampling/interpolation method missing"
comparison,enhancement_definition,"multisource divided by north-pole single-source along reference axis",ratio,reported,"Sec. 3.2 and Fig. 4","paper","name EF_ref and keep distinct from EF_dom","Figure 4 gain uses pencil-beam curves"
comparison,headline_gain_850,"about 5x at 40 mm; 10x at 60 mm; greater than 40x at 100 mm",ratio,reported,"Sec. 3.2 p. 088001-4","paper","digitize Figure 4 and attach uncertainty","later text calls 40-mm 850 gain about 6x"
comparison,fit_850,"tau=34.7 +/- 2.9; R2=0.995","tau printed as mm^-1",reported,"Sec. 3.2 p. 088001-4","paper","preserve printed value; inspect equation before reproducing fit","tau unit appears dimensionally questionable"
comparison,density_gain_60mm,"105 sources about 5x; 181 sources about 10x",ratio,reported,"Sec. 3.3 p. 088001-6","paper","digitize Figure 5a","approximate prose values"
comparison,uniformity_definition,"SD(photon flux)/mean(photon flux)",ratio,reported,"Sec. 3.3 p. 088001-6","paper","implement only after declaring spatial mask/domain","spatial sampling domain insufficiently specified"
comparison,recommended_density,181,sources,reported,"Secs. 3.3 and 4","paper","treat as paper-specific heuristic, not universal optimum","assumes infinitesimal equal sources and omits thermal model"
comparison,headline_gain_690,"about 10x at 40 mm versus about 6x for 850 nm",ratio,reported,"Sec. 3.4 p. 088001-8","paper","digitize Figure 6c","approximate readout"
comparison,fit_690,"tau=20.0 +/- 1.4; R2=0.993","tau printed as mm^-1",reported,"Sec. 3.4 p. 088001-8","paper","preserve printed value; inspect fit form","tau unit appears dimensionally questionable"
reproducibility,code,"not supplied",,missing,"paper and supplied file","paper","write independent implementation and discrepancy report","cannot verify hidden defaults"
reproducibility,numeric_data,"not supplied",,missing,"paper and supplied file","paper","digitize plots and retain digitization project","figure resolution limits precision"
reproducibility,supplement,"none identified in supplied PDF",,missing,"local PDF audit","paper","record as unavailable unless publisher supplies one","may exist outside supplied file but not identified"
