label,name,native_voxels,native_volume_mm3,derived_voxels,derived_volume_mm3,relative_volume_change
0,background_air,25287056,3160882.0,3286799,3286799.0,0.039836033107215015
1,cerebrospinal_fluid,2517818,314727.25,338002,338002.0,0.07395212839053499
2,gray_matter,7949876,993734.5,1001274,1001274.0,0.007587036577677438
3,white_matter,5284268,660533.5,640621,640621.0,-0.030146086458900268
4,fat,1103276,137909.5,140570,140570.0,0.019291636906812078
5,muscles,5333557,666694.625,668388,668388.0,0.0025399559805960635
6,skin_and_muscles,3601406,450175.75,383231,383231.0,-0.14870803236291605
7,skull,2884802,360600.25,355103,355103.0,-0.015244720434885999
9,fat_2,1820870,227608.75,170283,170283.0,-0.2518609236244213
10,dura,82356,10294.5,8868,8868.0,-0.1385691388605566
11,marrow,648575,81071.875,74917,74917.0,-0.07591874494083183
12,vessels,359236,44904.5,41081,41081.0,-0.08514736830384483
